ID_Season,Player,ID,G,MP,PER,TS%,3PAr,FTr,ORB%,DRB%,TRB%,AST%,STL%,BLK%,TOV%,USG%,OWS,DWS,WS,WS/48,OBPM,DBPM,BPM,VORP,Season
abrinal01_2019,Álex Abrines,abrinal01,31.0,588.0,6.3,0.507,0.809,0.083,0.9,7.8,4.2,4.3,1.3,0.9,7.9,12.2,0.1,0.6,0.6,0.053,-3.7,0.4,-3.3,-0.2,2019
acyqu01_2019,Quincy Acy,acyqu01,10.0,123.0,2.9,0.379,0.833,0.556,2.7,20.1,11.3,8.2,0.4,2.7,15.2,9.2,-0.1,0.0,-0.1,-0.022000000000000002,-7.6,-0.5,-8.1,-0.2,2019
adamsja01_2019,Jaylen Adams,adamsja01,34.0,428.0,7.6,0.474,0.6729999999999999,0.08199999999999999,2.6,12.3,7.4,19.8,1.5,1.0,19.7,13.5,-0.1,0.2,0.1,0.011000000000000001,-3.8,-0.5,-4.3,-0.2,2019
adamsst01_2019,Steven Adams,adamsst01,80.0,2669.0,18.5,0.591,0.002,0.361,14.7,14.8,14.7,6.6,2.0,2.4,12.6,16.4,5.1,4.0,9.1,0.163,0.7,0.4,1.1,2.1,2019
adebaba01_2019,Bam Adebayo,adebaba01,82.0,1913.0,17.9,0.623,0.031,0.465,9.2,24.0,16.6,14.2,1.8,3.0,17.1,15.8,3.4,3.4,6.8,0.171,-0.4,2.2,1.8,1.8,2019
adelde01_2019,Deng Adel,adelde01,19.0,194.0,2.7,0.424,0.639,0.111,1.6,9.6,5.4,3.4,0.3,1.8,13.7,9.9,-0.2,0.0,-0.2,-0.054000000000000006,-6.0,-1.6,-7.5,-0.3,2019
akoonde01_2019,DeVaughn Akoon-Purcell,akoonde01,7.0,22.0,8.2,0.322,0.4,0.2,4.9,14.8,9.8,37.1,4.5,0.0,15.5,25.0,-0.1,0.0,0.0,-0.051,-7.9,2.1,-5.8,0.0,2019
aldrila01_2019,LaMarcus Aldridge,aldrila01,81.0,2687.0,22.9,0.5760000000000001,0.032,0.312,10.3,19.8,15.1,11.6,0.8,3.4,8.8,26.9,6.4,2.9,9.3,0.16699999999999998,2.4,-0.6,1.8,2.6,2019
alkinra01_2019,Rawle Alkins,alkinra01,10.0,120.0,8.1,0.418,0.308,0.308,9.9,13.7,11.8,15.2,0.4,0.0,15.3,19.0,-0.1,0.0,-0.1,-0.042,-3.8,-3.5,-7.3,-0.2,2019
allengr01_2019,Grayson Allen,allengr01,38.0,416.0,7.5,0.516,0.556,0.337,0.8,5.1,3.0,8.9,0.7,1.1,13.9,24.4,-0.4,0.4,0.0,0.002,-4.2,-2.1,-6.3,-0.5,2019
allenja01_2019,Jarrett Allen,allenja01,80.0,2096.0,18.5,0.632,0.079,0.489,9.6,24.0,16.8,7.9,1.0,4.5,13.0,15.9,4.4,3.3,7.6,0.175,0.2,1.4,1.6,1.9,2019
allenka01_2019,Kadeem Allen,allenka01,19.0,416.0,16.2,0.574,0.255,0.38299999999999995,2.0,11.1,6.4,28.7,1.9,0.8,13.6,19.6,0.7,0.2,1.0,0.111,0.3,0.3,0.6,0.3,2019
aminual01_2019,Al-Farouq Aminu,aminual01,81.0,2292.0,13.2,0.568,0.47200000000000003,0.292,5.3,22.6,14.2,6.0,1.4,1.2,9.7,13.7,3.0,2.8,5.8,0.121,0.1,0.6,0.7,1.5,2019
anderju01_2019,Justin Anderson,anderju01,48.0,463.0,11.2,0.516,0.49,0.223,5.3,13.9,9.5,6.9,2.2,2.4,11.8,17.2,0.1,0.4,0.4,0.043,-2.4,-0.3,-2.7,-0.1,2019
anderky01_2019,Kyle Anderson,anderky01,43.0,1281.0,12.8,0.569,0.12300000000000001,0.23199999999999998,4.1,18.1,11.0,15.0,2.1,2.7,16.0,12.6,0.8,1.8,2.7,0.1,-1.6,2.4,0.8,0.9,2019
anderry01_2019,Ryan Anderson,anderry01,25.0,322.0,4.6,0.414,0.58,0.23199999999999998,6.1,12.5,9.2,7.8,0.6,0.3,15.5,12.0,-0.3,0.0,-0.2,-0.035,-4.5,-1.9,-6.4,-0.4,2019
anigbik01_2019,Ike Anigbogu,anigbik01,3.0,6.0,-6.0,0.0,0.0,0.0,18.9,36.2,27.7,19.4,0.0,14.8,25.0,29.1,-0.1,0.0,-0.1,-0.48,-14.0,-2.3,-16.2,0.0,2019
antetgi01_2019,Giannis Antetokounmpo,antetgi01,72.0,2358.0,30.9,0.644,0.163,0.55,7.3,30.0,19.3,30.3,1.8,3.9,14.8,32.3,8.9,5.5,14.4,0.292,6.3,4.1,10.4,7.4,2019
antetko01_2019,Kostas Antetokounmpo,antetko01,2.0,11.0,-0.9,0.21,0.0,1.3330000000000002,0.0,9.7,4.9,0.0,8.8,0.0,17.4,22.5,-0.1,0.0,-0.1,-0.247,-12.6,-0.1,-12.7,0.0,2019
anthoca01_2019,Carmelo Anthony,anthoca01,10.0,294.0,10.9,0.513,0.529,0.182,3.3,17.3,10.2,2.6,0.7,2.0,5.8,20.5,0.1,0.2,0.3,0.048,-1.3,-1.4,-2.7,-0.1,2019
anunoog01_2019,OG Anunoby,anunoog01,67.0,1352.0,9.8,0.544,0.5,0.153,4.8,10.8,7.9,4.7,1.6,1.3,11.3,15.5,0.3,1.7,2.0,0.07,-2.4,0.1,-2.4,-0.1,2019
arcidry01_2019,Ryan Arcidiacono,arcidry01,81.0,1961.0,11.6,0.588,0.519,0.244,1.5,10.8,6.1,18.9,1.6,0.2,12.0,11.7,2.8,0.9,3.7,0.09,-2.0,0.1,-1.9,0.1,2019
arizatr01_2019,Trevor Ariza,arizatr01,69.0,2349.0,12.0,0.534,0.59,0.223,2.3,15.2,8.6,14.8,1.8,0.7,11.6,16.6,1.3,1.2,2.5,0.052000000000000005,-0.7,-0.6,-1.3,0.4,2019
augusdj01_2019,D.J. Augustin,augusdj01,81.0,2269.0,15.7,0.616,0.45899999999999996,0.309,1.9,7.8,4.8,26.9,1.1,0.1,14.3,17.2,5.0,1.9,6.9,0.146,1.1,-0.7,0.5,1.4,2019
aytonde01_2019,Deandre Ayton,aytonde01,71.0,2183.0,20.5,0.608,0.005,0.217,11.1,26.1,18.5,9.6,1.3,2.6,11.7,21.2,4.1,1.7,5.8,0.128,1.3,-1.1,0.2,1.2,2019
bacondw01_2019,Dwayne Bacon,bacondw01,43.0,759.0,11.7,0.57,0.33899999999999997,0.179,1.1,11.7,6.3,9.2,0.8,0.6,6.1,16.8,0.9,0.3,1.2,0.073,-2.1,-1.6,-3.7,-0.3,2019
baglema01_2019,Marvin Bagley III,baglema01,62.0,1567.0,18.9,0.562,0.136,0.371,10.4,20.8,15.5,5.9,1.0,3.2,10.7,24.2,2.0,1.6,3.6,0.11,0.5,-1.5,-1.0,0.4,2019
bakerro01_2019,Ron Baker,bakerro01,15.0,152.0,2.5,0.309,0.65,0.3,0.7,7.1,3.8,12.8,1.9,0.6,18.1,7.8,-0.2,0.1,-0.1,-0.034,-7.7,0.7,-7.0,-0.2,2019
baldwwa01_2019,Wade Baldwin,baldwwa01,16.0,94.0,1.3,0.396,0.273,0.33299999999999996,2.3,14.4,8.5,16.6,0.5,1.7,27.0,23.3,-0.4,0.1,-0.3,-0.153,-8.4,-1.9,-10.3,-0.2,2019
balllo01_2019,Lonzo Ball,balllo01,47.0,1423.0,11.7,0.48700000000000004,0.5,0.105,4.0,14.0,9.1,23.8,2.3,1.1,17.8,16.9,-0.2,1.7,1.6,0.052000000000000005,-1.6,1.3,-0.3,0.6,2019
bambamo01_2019,Mo Bamba,bambamo01,47.0,766.0,14.9,0.539,0.28800000000000003,0.259,8.8,24.0,16.3,7.4,0.8,7.0,13.7,17.8,0.3,1.4,1.7,0.106,-2.8,1.4,-1.4,0.1,2019
bareajo01_2019,J.J. Barea,bareajo01,38.0,752.0,16.3,0.495,0.332,0.203,1.9,11.6,6.8,47.5,1.4,0.1,14.7,28.1,0.4,0.6,1.0,0.064,1.2,-1.8,-0.6,0.3,2019
barneha02_2019,Harrison Barnes,barneha02,77.0,2533.0,12.8,0.55,0.429,0.271,2.4,12.7,7.5,6.7,0.9,0.4,7.9,20.9,2.0,1.6,3.6,0.068,-0.2,-1.2,-1.4,0.4,2019
bartowi01_2019,Will Barton,bartowi01,43.0,1189.0,11.0,0.501,0.426,0.161,2.9,15.3,9.1,14.6,0.7,1.6,11.7,20.0,0.1,1.1,1.2,0.049,-1.1,-0.8,-1.8,0.0,2019
bateske01_2019,Keita Bates-Diop,bateske01,30.0,503.0,9.6,0.489,0.366,0.19699999999999998,3.4,14.4,8.8,4.6,1.7,2.4,8.3,14.1,0.0,0.4,0.3,0.032,-2.8,-0.6,-3.4,-0.2,2019
batumni01_2019,Nicolas Batum,batumni01,75.0,2354.0,11.9,0.581,0.53,0.158,3.2,14.9,8.9,14.5,1.5,1.6,16.3,13.2,2.0,1.7,3.7,0.076,-0.7,0.4,-0.3,1.0,2019
bayleje01_2019,Jerryd Bayless,bayleje01,34.0,657.0,8.5,0.431,0.426,0.122,1.8,8.4,5.0,24.6,1.3,0.3,11.7,17.6,-0.2,0.2,0.0,-0.003,-2.9,-1.7,-4.6,-0.4,2019
baynear01_2019,Aron Baynes,baynear01,51.0,821.0,14.0,0.5670000000000001,0.27399999999999997,0.278,11.4,19.8,15.6,9.3,0.7,3.7,13.8,15.2,1.3,1.1,2.4,0.139,-1.8,0.3,-1.5,0.1,2019
bazemke01_2019,Kent Bazemore,bazemke01,67.0,1643.0,11.9,0.507,0.434,0.253,2.3,14.6,8.3,13.5,2.5,2.2,13.6,22.0,-0.7,1.4,0.7,0.021,-2.5,0.2,-2.3,-0.1,2019
bealbr01_2019,Bradley Beal,bealbr01,82.0,3028.0,20.8,0.581,0.37,0.278,3.1,11.7,7.4,24.1,1.9,1.6,11.0,28.4,5.9,1.7,7.6,0.12,3.8,-0.8,2.9,3.7,2019
beaslma01_2019,Malik Beasley,beaslma01,81.0,1879.0,14.2,0.599,0.55,0.09,2.0,9.5,5.8,7.5,1.4,0.5,6.7,18.7,2.9,1.6,4.5,0.115,0.8,-0.7,0.1,1.0,2019
beaslmi01_2019,Michael Beasley,beaslmi01,26.0,277.0,15.9,0.532,0.111,0.255,4.9,17.2,11.2,14.8,1.5,3.0,13.7,29.5,-0.1,0.4,0.2,0.039,-1.9,0.5,-1.5,0.0,2019
belinma01_2019,Marco Belinelli,belinma01,79.0,1815.0,11.9,0.557,0.5720000000000001,0.18,1.0,10.8,5.9,10.1,0.9,0.4,8.8,19.8,1.4,1.1,2.5,0.065,-0.5,-1.2,-1.7,0.1,2019
belljo01_2019,Jordan Bell,belljo01,68.0,788.0,12.9,0.531,0.01,0.214,7.8,16.7,12.5,12.3,1.2,5.4,16.7,13.7,0.5,1.1,1.6,0.096,-2.2,1.3,-0.9,0.2,2019
bembrde01_2019,DeAndre' Bembry,bembrde01,82.0,1931.0,10.8,0.508,0.281,0.221,2.9,16.9,9.7,14.7,2.5,1.8,17.4,17.2,-0.9,1.7,0.9,0.022000000000000002,-3.3,0.8,-2.4,-0.2,2019
bendedr01_2019,Dragan Bender,bendedr01,46.0,826.0,9.5,0.521,0.513,0.27399999999999997,4.5,20.3,12.3,9.4,1.0,2.2,14.4,13.4,0.0,0.4,0.5,0.027000000000000003,-3.4,-0.8,-4.1,-0.5,2019
bertada01_2019,Dāvis Bertāns,bertada01,76.0,1632.0,13.0,0.632,0.746,0.132,1.6,16.0,8.8,8.2,1.0,1.7,8.2,14.1,2.6,1.5,4.0,0.11800000000000001,1.1,0.2,1.3,1.4,2019
bertada02_2019,Dairis Bertāns,bertada02,12.0,167.0,2.0,0.36200000000000004,0.723,0.0,1.3,4.3,2.8,7.2,0.3,0.0,4.1,12.0,-0.2,0.0,-0.2,-0.054000000000000006,-5.6,-3.2,-8.8,-0.3,2019
beverpa01_2019,Patrick Beverley,beverpa01,78.0,2137.0,11.8,0.561,0.591,0.258,3.9,15.0,9.6,18.4,1.5,1.6,13.8,12.2,2.8,2.0,4.8,0.10800000000000001,-0.3,1.2,0.9,1.5,2019
birchkh01_2019,Khem Birch,birchkh01,50.0,643.0,19.2,0.64,0.006999999999999999,0.55,13.0,18.8,15.8,8.5,1.4,3.8,9.6,14.1,1.8,1.0,2.8,0.212,0.1,1.0,1.2,0.5,2019
biyombi01_2019,Bismack Biyombo,biyombi01,54.0,783.0,14.4,0.602,0.0,0.583,11.0,23.3,17.0,5.9,0.7,4.6,14.8,12.7,1.2,0.8,2.0,0.125,-2.4,0.0,-2.5,-0.1,2019
bjeline01_2019,Nemanja Bjelica,bjeline01,77.0,1788.0,15.4,0.585,0.433,0.155,7.0,18.8,12.8,11.1,1.4,2.7,11.5,16.5,2.7,1.9,4.5,0.122,0.4,0.5,0.9,1.3,2019
blakean01_2019,Antonio Blakeney,blakean01,57.0,829.0,10.6,0.48700000000000004,0.23,0.192,0.9,13.1,6.9,8.2,0.7,0.9,7.5,24.5,-0.8,0.3,-0.5,-0.03,-2.4,-2.7,-5.2,-0.7,2019
bledser01_2019,Eric Bledsoe,bledser01,78.0,2272.0,19.3,0.5770000000000001,0.38799999999999996,0.243,3.9,11.8,8.1,27.4,2.4,1.1,13.3,22.9,4.4,3.7,8.2,0.17300000000000001,1.9,1.2,3.1,2.9,2019
blossja01_2019,Jaron Blossomgame,blossja01,27.0,439.0,10.2,0.51,0.368,0.12300000000000001,6.3,19.1,12.4,4.2,0.8,1.6,9.0,12.2,0.2,0.1,0.3,0.03,-1.9,-1.8,-3.8,-0.2,2019
bogdabo01_2019,Bogdan Bogdanović,bogdabo01,70.0,1947.0,14.1,0.53,0.431,0.188,2.1,11.0,6.4,19.3,1.7,0.7,11.1,22.3,1.3,1.4,2.7,0.067,-0.1,-0.6,-0.6,0.7,2019
bogdabo02_2019,Bojan Bogdanović,bogdabo02,81.0,2573.0,16.1,0.613,0.36700000000000005,0.29,1.5,12.7,7.2,9.5,1.3,0.0,10.2,22.4,3.9,2.8,6.8,0.126,1.3,-0.6,0.7,1.7,2019
bogutan01_2019,Andrew Bogut,bogutan01,11.0,134.0,13.4,0.523,0.0,0.083,10.0,32.8,21.9,10.6,1.1,5.0,17.7,14.5,0.1,0.2,0.3,0.111,-3.7,0.8,-2.9,0.0,2019
boldejo01_2019,Jonah Bolden,boldejo01,44.0,639.0,12.7,0.595,0.593,0.16699999999999998,8.0,19.0,13.7,8.5,1.3,4.8,17.2,13.8,0.5,0.9,1.4,0.106,-1.8,1.1,-0.7,0.2,2019
bongais01_2019,Isaac Bonga,bongais01,22.0,120.0,6.0,0.24,0.242,0.455,7.9,13.5,10.8,14.9,3.5,2.7,13.2,15.7,-0.3,0.2,-0.1,-0.059000000000000004,-7.0,2.2,-4.8,-0.1,2019
bookede01_2019,Devin Booker,bookede01,64.0,2242.0,20.2,0.584,0.33,0.36200000000000004,1.9,11.3,6.5,34.1,1.2,0.5,15.4,32.9,3.3,0.3,3.5,0.076,3.3,-2.3,1.0,1.7,2019
bouchch01_2019,Chris Boucher,bouchch01,28.0,163.0,22.2,0.563,0.48700000000000004,0.19699999999999998,10.9,25.8,18.5,1.9,1.8,12.2,7.8,23.6,0.2,0.4,0.7,0.19399999999999998,-0.2,2.8,2.6,0.2,2019
bradlav01_2019,Avery Bradley,bradlav01,63.0,1905.0,7.6,0.496,0.40299999999999997,0.08199999999999999,2.5,7.3,4.9,11.8,1.0,0.7,12.4,16.2,-0.6,1.0,0.3,0.009000000000000001,-2.8,-0.9,-3.7,-0.8,2019
bradlto01_2019,Tony Bradley,bradlto01,3.0,36.0,19.6,0.504,0.0,0.125,27.6,17.7,22.6,4.5,2.7,4.4,15.1,23.6,0.0,0.1,0.1,0.13,-3.6,-2.4,-6.0,0.0,2019
breweco01_2019,Corey Brewer,breweco01,31.0,492.0,11.6,0.532,0.358,0.35,5.4,10.7,8.0,10.2,3.0,1.2,11.8,13.6,0.4,0.6,1.0,0.095,-2.9,1.6,-1.3,0.1,2019
bridgmi01_2019,Mikal Bridges,bridgmi01,82.0,2417.0,10.8,0.556,0.556,0.21,2.5,9.7,6.0,9.8,2.5,1.3,10.2,12.2,1.7,1.2,2.9,0.057999999999999996,-2.0,0.4,-1.6,0.3,2019
bridgmi02_2019,Miles Bridges,bridgmi02,80.0,1696.0,13.1,0.5479999999999999,0.391,0.151,4.2,16.6,10.3,8.1,1.6,2.5,8.4,15.1,1.4,1.5,2.9,0.083,-0.9,0.1,-0.8,0.5,2019
briscis01_2019,Isaiah Briscoe,briscis01,39.0,559.0,6.7,0.455,0.24600000000000002,0.188,0.9,13.4,7.1,21.0,1.0,0.3,17.2,14.1,-0.3,0.5,0.3,0.023,-5.4,0.4,-5.0,-0.4,2019
broekry01_2019,Ryan Broekhoff,broekry01,42.0,453.0,10.7,0.621,0.738,0.151,1.9,12.9,7.4,7.2,0.6,0.8,10.6,14.3,0.5,0.3,0.8,0.086,-0.5,-0.5,-1.0,0.1,2019
brogdma01_2019,Malcolm Brogdon,brogdma01,64.0,1832.0,17.8,0.614,0.326,0.203,3.8,11.7,8.0,16.2,1.2,0.6,10.0,20.7,4.2,2.3,6.5,0.171,2.0,0.1,2.2,1.9,2019
brookdi01_2019,Dillon Brooks,brookdi01,18.0,330.0,7.6,0.499,0.32799999999999996,0.24600000000000002,3.0,7.6,5.3,7.6,1.5,1.1,12.3,20.9,-0.3,0.3,0.0,-0.004,-5.0,-1.2,-6.3,-0.4,2019
brookma01_2019,MarShon Brooks,brookma01,29.0,387.0,11.6,0.518,0.32,0.195,3.4,9.7,6.5,11.0,1.2,1.0,10.3,23.6,-0.2,0.3,0.1,0.018000000000000002,-1.9,-1.1,-3.0,-0.1,2019
brownbr01_2019,Bruce Brown,brownbr01,74.0,1449.0,6.9,0.469,0.29600000000000004,0.191,3.5,10.7,7.0,8.8,1.4,2.1,11.9,11.5,-0.1,1.6,1.5,0.048,-4.4,1.0,-3.3,-0.5,2019
brownja02_2019,Jaylen Brown,brownja02,74.0,1913.0,13.5,0.547,0.348,0.255,3.6,13.9,8.7,7.7,1.7,1.5,10.1,22.1,0.7,2.4,3.0,0.076,-1.6,-0.4,-2.1,0.0,2019
brownlo01_2019,Lorenzo Brown,brownlo01,26.0,212.0,6.3,0.38,0.39399999999999996,0.042,2.6,12.9,7.9,17.3,2.7,2.0,18.1,17.9,-0.5,0.3,-0.1,-0.027000000000000003,-5.4,1.9,-3.5,-0.1,2019
brownst02_2019,Sterling Brown,brownst02,58.0,1034.0,10.9,0.563,0.47100000000000003,0.135,3.0,14.4,9.0,10.7,1.1,0.7,12.2,15.2,0.7,1.4,2.1,0.098,-1.8,0.3,-1.5,0.1,2019
browntr01_2019,Troy Brown Jr.,browntr01,52.0,730.0,11.1,0.48700000000000004,0.295,0.201,5.1,16.6,10.8,14.9,1.4,0.6,10.5,16.5,0.2,0.4,0.6,0.039,-1.7,-1.0,-2.7,-0.1,2019
brunsja01_2019,Jalen Brunson,brunsja01,73.0,1591.0,12.8,0.5489999999999999,0.32,0.212,1.7,9.6,5.7,22.6,1.1,0.2,12.5,19.1,1.5,1.0,2.6,0.077,-1.2,-0.5,-1.7,0.1,2019
bryanth01_2019,Thomas Bryant,bryanth01,72.0,1496.0,21.0,0.674,0.19699999999999998,0.273,8.1,25.1,16.5,9.3,0.8,3.8,9.6,17.6,4.3,1.3,5.6,0.17800000000000002,2.3,-0.3,2.0,1.5,2019
bullore01_2019,Reggie Bullock,bullore01,63.0,1879.0,10.5,0.563,0.662,0.14300000000000002,1.2,8.8,4.9,10.1,1.0,0.5,9.3,15.8,1.6,1.4,3.1,0.078,-0.7,-0.4,-1.1,0.4,2019
burketr01_2019,Trey Burke,burketr01,58.0,1125.0,16.5,0.524,0.29,0.226,2.6,6.7,4.6,24.1,1.4,0.5,7.5,24.8,1.4,0.5,1.9,0.081,1.5,-1.4,0.1,0.6,2019
burksal01_2019,Alec Burks,burksal01,64.0,1375.0,12.7,0.523,0.354,0.297,2.3,17.0,9.4,13.7,1.4,1.3,10.8,19.0,0.7,0.8,1.5,0.052000000000000005,-0.6,-0.7,-1.2,0.3,2019
burtode02_2019,Deonte Burton,burtode02,32.0,240.0,7.0,0.47,0.32899999999999996,0.146,1.7,10.7,6.0,5.0,1.2,2.8,9.3,16.3,-0.2,0.3,0.1,0.027000000000000003,-4.9,0.6,-4.3,-0.1,2019
butleji01_2019,Jimmy Butler,butleji01,65.0,2185.0,20.2,0.5710000000000001,0.213,0.40399999999999997,6.0,10.5,8.3,18.0,2.7,1.4,8.2,22.3,5.4,2.5,7.9,0.17300000000000001,2.8,0.9,3.7,3.2,2019
cabocbr01_2019,Bruno Caboclo,cabocbr01,34.0,800.0,12.4,0.5710000000000001,0.578,0.222,5.8,16.5,11.1,9.4,0.9,3.9,13.3,15.9,0.6,0.9,1.5,0.09,-1.1,0.1,-1.1,0.2,2019
caldejo01_2019,José Calderón,caldejo01,49.0,632.0,7.1,0.45299999999999996,0.475,0.092,1.8,8.8,5.2,24.9,1.2,0.4,21.9,10.9,0.0,0.5,0.6,0.043,-4.2,0.3,-3.9,-0.3,2019
caldwke01_2019,Kentavious Caldwell-Pope,caldwke01,82.0,2035.0,12.9,0.568,0.575,0.209,2.5,9.4,6.0,7.5,1.7,0.5,7.3,18.1,2.3,1.8,4.0,0.095,-0.3,-0.1,-0.5,0.8,2019
canaais01_2019,Isaiah Canaan,canaais01,30.0,629.0,8.0,0.518,0.585,0.146,1.0,9.2,5.1,18.2,1.1,0.3,16.7,14.2,0.0,0.1,0.1,0.008,-2.7,-1.4,-4.1,-0.3,2019
capelca01_2019,Clint Capela,capelca01,67.0,2249.0,23.8,0.6579999999999999,0.0,0.35700000000000004,14.4,27.6,20.8,7.1,1.0,3.9,10.0,18.2,7.8,3.0,10.8,0.23,3.3,-0.3,3.0,2.8,2019
carrode01_2019,DeMarre Carroll,carrode01,67.0,1703.0,12.1,0.546,0.539,0.42100000000000004,4.2,17.3,10.8,7.2,0.9,0.5,9.7,18.6,1.5,1.6,3.1,0.08800000000000001,-0.9,-0.6,-1.5,0.2,2019
carteje01_2019,Jevon Carter,carteje01,39.0,577.0,7.8,0.43200000000000005,0.551,0.17300000000000001,2.7,10.3,6.4,17.4,2.2,1.8,14.2,18.0,-0.7,0.7,0.0,-0.003,-4.1,0.1,-4.0,-0.3,2019
cartemi01_2019,Michael Carter-Williams,cartemi01,28.0,372.0,14.7,0.45799999999999996,0.309,0.431,5.4,15.0,10.1,26.5,2.6,3.4,12.0,19.4,0.2,0.6,0.8,0.099,-1.4,2.2,0.8,0.3,2019
cartevi01_2019,Vince Carter,cartevi01,76.0,1330.0,11.8,0.565,0.675,0.141,2.4,13.2,7.7,9.3,1.5,1.8,8.8,16.7,1.2,0.7,1.9,0.07,-0.4,-0.3,-0.7,0.5,2019
cartewe01_2019,Wendell Carter Jr.,cartewe01,44.0,1110.0,15.2,0.541,0.086,0.302,8.4,21.8,15.0,10.7,1.1,4.5,13.4,19.1,0.7,1.2,1.9,0.08,-2.2,0.6,-1.6,0.1,2019
carusal01_2019,Alex Caruso,carusal01,25.0,531.0,13.9,0.569,0.289,0.37,4.0,9.0,6.5,19.7,2.1,1.4,17.3,19.0,0.5,0.6,1.0,0.09300000000000001,-1.0,0.7,-0.2,0.2,2019
casspom01_2019,Omri Casspi,casspom01,36.0,520.0,15.7,0.606,0.267,0.36,3.6,21.5,12.4,8.1,1.9,1.6,11.0,18.0,0.6,0.7,1.3,0.11900000000000001,-0.3,0.7,0.4,0.3,2019
caulewi01_2019,Willie Cauley-Stein,caulewi01,81.0,2213.0,18.0,0.5660000000000001,0.003,0.34299999999999997,8.2,23.7,15.8,12.3,2.0,2.0,9.0,17.5,3.8,2.9,6.7,0.146,0.2,1.1,1.2,1.8,2019
caupatr01_2019,Troy Caupain,caupatr01,4.0,16.0,30.7,0.625,0.375,0.0,6.6,13.6,10.0,42.5,3.1,0.0,0.0,21.8,0.1,0.0,0.1,0.34700000000000003,9.6,3.7,13.3,0.1,2019
cavanty01_2019,Tyler Cavanaugh,cavanty01,11.0,39.0,5.0,0.414,0.5,0.2,8.5,13.6,11.1,3.4,0.0,0.0,8.4,13.0,0.0,0.0,0.0,0.026000000000000002,-5.3,-3.1,-8.4,-0.1,2019
chandty01_2019,Tyson Chandler,chandty01,55.0,875.0,11.2,0.63,0.01,0.879,11.1,25.3,18.3,5.3,1.1,2.2,23.4,8.5,0.9,1.2,2.1,0.114,-2.9,0.8,-2.1,0.0,2019
chandwi01_2019,Wilson Chandler,chandwi01,51.0,1177.0,8.5,0.537,0.579,0.092,4.4,14.6,9.7,9.1,1.0,1.4,13.9,11.8,0.5,1.0,1.5,0.062,-2.3,-0.5,-2.8,-0.2,2019
chealjo01_2019,Joe Chealey,chealjo01,1.0,8.0,2.0,0.33299999999999996,0.0,0.0,0.0,0.0,0.0,17.7,0.0,0.0,0.0,16.2,0.0,0.0,0.0,-0.08,-8.5,-6.0,-14.6,0.0,2019
chiozch01_2019,Chris Chiozza,chiozch01,7.0,33.0,7.0,0.375,0.625,0.0,3.3,10.3,6.7,16.1,1.5,2.6,11.1,11.8,0.0,0.0,0.0,0.023,-2.7,1.4,-1.3,0.0,2019
chrisma01_2019,Marquese Chriss,chrisma01,43.0,499.0,9.2,0.455,0.4,0.25,8.6,23.6,15.8,6.5,1.7,1.9,15.3,20.6,-0.6,0.4,-0.2,-0.023,-5.7,-1.9,-7.5,-0.7,2019
clarkga01_2019,Gary Clark,clarkga01,51.0,641.0,9.2,0.48,0.914,0.046,4.1,16.2,10.0,3.8,1.5,3.5,4.3,10.9,0.3,0.7,1.0,0.071,-1.1,0.4,-0.7,0.2,2019
clarkia01_2019,Ian Clark,clarkia01,60.0,973.0,8.3,0.502,0.527,0.09699999999999999,1.4,8.0,4.7,12.9,1.1,0.7,12.7,19.3,-0.4,0.3,-0.1,-0.003,-3.3,-1.8,-5.1,-0.8,2019
clarkjo01_2019,Jordan Clarkson,clarkjo01,81.0,2214.0,16.8,0.539,0.377,0.163,3.9,9.9,6.8,15.6,1.3,0.5,9.6,27.6,1.9,-0.1,1.8,0.039,2.1,-2.6,-0.5,0.8,2019
collida01_2019,Darren Collison,collida01,76.0,2143.0,16.7,0.574,0.294,0.28800000000000003,1.9,9.9,6.0,29.9,2.5,0.4,14.4,17.7,3.9,2.9,6.8,0.153,0.8,1.0,1.8,2.1,2019
collijo01_2019,John Collins,collijo01,61.0,1829.0,21.8,0.627,0.19,0.32,12.3,22.1,17.1,11.0,0.6,1.8,11.2,23.7,5.0,1.0,6.0,0.158,2.8,-1.9,0.9,1.3,2019
colliza01_2019,Zach Collins,colliza01,77.0,1356.0,13.5,0.562,0.303,0.315,8.8,16.5,12.7,7.1,0.9,3.9,14.5,16.6,1.4,1.5,2.9,0.10400000000000001,-1.5,0.3,-1.2,0.3,2019
colsobo01_2019,Bonzie Colson,colsobo01,8.0,98.0,12.9,0.45399999999999996,0.5379999999999999,0.231,8.8,21.5,15.5,4.0,2.4,0.9,6.5,19.6,0.0,0.2,0.2,0.085,-2.6,-0.8,-3.5,0.0,2019
conlemi01_2019,Mike Conley,conlemi01,70.0,2342.0,21.4,0.569,0.38,0.363,1.9,9.7,5.7,33.4,2.0,0.9,9.1,27.3,5.7,2.3,8.0,0.16399999999999998,4.6,0.1,4.7,3.9,2019
connapa01_2019,Pat Connaughton,connapa01,61.0,1261.0,13.6,0.573,0.5710000000000001,0.114,5.2,15.0,10.4,12.6,1.2,1.7,8.2,13.3,2.0,1.9,3.9,0.149,0.3,0.8,1.2,1.0,2019
cookqu01_2019,Quinn Cook,cookqu01,74.0,1059.0,13.1,0.565,0.456,0.059000000000000004,2.3,13.0,7.9,15.2,0.9,0.2,10.0,20.2,1.0,0.8,1.8,0.08199999999999999,-0.5,-1.6,-2.1,0.0,2019
couside01_2019,DeMarcus Cousins,couside01,30.0,771.0,21.4,0.562,0.256,0.38799999999999996,6.2,27.0,17.1,20.4,2.5,4.8,14.2,28.1,0.9,1.5,2.4,0.151,0.4,2.6,3.0,1.0,2019
covinro01_2019,Robert Covington,covinro01,35.0,1203.0,13.3,0.58,0.622,0.24600000000000002,2.5,14.6,8.5,5.2,2.9,3.2,10.5,15.6,0.9,1.6,2.5,0.1,-0.5,2.1,1.6,1.1,2019
crabbal01_2019,Allen Crabbe,crabbal01,43.0,1133.0,7.7,0.519,0.6940000000000001,0.15,1.5,12.2,6.9,5.8,1.0,0.9,10.4,16.4,-0.2,1.0,0.8,0.035,-2.4,-0.4,-2.8,-0.2,2019
craigto01_2019,Torrey Craig,craigto01,75.0,1503.0,10.4,0.547,0.519,0.193,6.4,12.6,9.5,6.3,1.2,2.7,10.1,12.4,1.4,1.7,3.0,0.096,-2.0,0.2,-1.9,0.0,2019
crawfja01_2019,Jamal Crawford,crawfja01,64.0,1211.0,11.7,0.522,0.461,0.251,0.7,7.2,3.9,27.7,1.3,0.8,16.9,20.8,0.1,0.0,0.2,0.006,-1.1,-2.8,-3.9,-0.6,2019
creekmi01_2019,Mitch Creek,creekmi01,5.0,48.0,20.2,0.55,0.125,0.43799999999999994,13.2,13.1,13.2,18.6,2.0,0.0,5.0,17.6,0.1,0.0,0.2,0.196,2.4,1.1,3.5,0.1,2019
crowdja01_2019,Jae Crowder,crowdja01,80.0,2166.0,12.1,0.5379999999999999,0.655,0.247,3.1,15.9,9.6,8.9,1.4,1.1,8.8,19.1,1.3,3.1,4.4,0.09699999999999999,-0.3,0.6,0.3,1.2,2019
cunnida01_2019,Dante Cunningham,cunnida01,64.0,928.0,10.2,0.585,0.41100000000000003,0.114,5.7,16.3,11.0,6.8,1.4,1.2,11.7,8.9,1.0,0.9,1.9,0.09699999999999999,-1.3,0.6,-0.6,0.3,2019
curryse01_2019,Seth Curry,curryse01,74.0,1399.0,11.4,0.595,0.54,0.11199999999999999,2.1,6.9,4.6,6.5,1.2,0.7,11.1,16.6,1.5,0.9,2.4,0.08199999999999999,-0.4,-0.7,-1.0,0.3,2019
curryst01_2019,Stephen Curry,curryst01,69.0,2331.0,24.4,0.6409999999999999,0.604,0.214,2.2,14.2,8.4,24.2,1.9,0.9,11.6,30.4,7.2,2.5,9.7,0.19899999999999998,7.1,-0.5,6.6,5.1,2019
danietr01_2019,Troy Daniels,danietr01,51.0,760.0,9.8,0.5579999999999999,0.705,0.084,1.9,8.9,5.3,5.0,1.6,0.5,8.7,17.6,0.2,0.1,0.3,0.02,-1.7,-2.0,-3.7,-0.3,2019
davisan02_2019,Anthony Davis,davisan02,56.0,1850.0,30.3,0.597,0.141,0.42200000000000004,9.9,27.5,18.8,19.0,2.2,6.0,8.4,29.5,6.4,3.1,9.5,0.247,7.1,2.3,9.4,5.3,2019
davisde01_2019,Deyonta Davis,davisde01,9.0,118.0,15.6,0.682,0.045,0.455,8.7,23.7,16.0,5.8,1.2,3.7,10.2,10.1,0.3,0.1,0.4,0.145,-1.5,-0.6,-2.0,0.0,2019
davised01_2019,Ed Davis,davised01,81.0,1446.0,17.3,0.632,0.006999999999999999,0.536,15.8,34.6,25.2,6.0,1.2,1.8,14.6,12.7,3.3,2.5,5.7,0.191,-0.6,0.7,0.0,0.7,2019
davisty01_2019,Tyler Davis,davisty01,1.0,1.0,0.0,0.0,0.0,0.0,100.0,0.0,51.6,0.0,0.0,0.0,0.0,40.7,0.0,0.0,0.0,-0.47100000000000003,-9.6,-31.1,-40.7,0.0,2019
dedmode01_2019,Dewayne Dedmon,dedmode01,64.0,1609.0,16.0,0.602,0.413,0.215,6.7,25.0,15.7,8.1,2.0,3.8,12.7,16.7,2.1,1.9,4.0,0.11900000000000001,-0.3,0.8,0.5,1.0,2019
dekkesa01_2019,Sam Dekker,dekkesa01,47.0,788.0,13.3,0.519,0.242,0.18,7.2,13.5,10.2,8.3,2.3,0.7,8.0,16.2,0.6,0.5,1.0,0.064,-1.0,-0.7,-1.8,0.1,2019
delgaan01_2019,Ángel Delgado,delgaan01,2.0,15.0,4.3,0.255,0.0,0.4,14.6,13.7,14.1,0.0,3.1,0.0,0.0,16.5,0.0,0.0,0.0,-0.055,-7.0,-5.0,-12.0,0.0,2019
dellama01_2019,Matthew Dellavedova,dellama01,48.0,812.0,11.1,0.532,0.537,0.215,0.8,9.9,5.2,31.9,0.8,0.2,20.4,17.9,0.5,0.0,0.5,0.027999999999999997,-1.7,-2.8,-4.4,-0.5,2019
denglu01_2019,Luol Deng,denglu01,22.0,392.0,14.6,0.588,0.373,0.297,5.4,14.6,10.0,6.5,1.8,1.7,9.5,15.8,0.5,0.3,0.8,0.10099999999999999,0.2,-0.3,0.0,0.2,2019
derozde01_2019,DeMar DeRozan,derozde01,77.0,2688.0,19.6,0.542,0.034,0.336,2.2,16.4,9.4,27.6,1.6,1.1,11.7,27.9,3.6,2.6,6.3,0.11199999999999999,1.0,0.1,1.1,2.2,2019
derrima01_2019,Marcus Derrickson,derrima01,11.0,67.0,19.4,0.653,0.606,0.152,13.3,7.6,10.4,2.2,0.0,1.3,7.9,24.4,0.2,0.0,0.2,0.155,2.6,-5.3,-2.7,0.0,2019
diallch01_2019,Cheick Diallo,diallch01,64.0,896.0,17.5,0.644,0.015,0.247,8.8,29.3,19.2,5.1,1.5,3.0,14.0,16.0,1.4,1.2,2.6,0.14,-1.1,0.1,-0.9,0.2,2019
diallha01_2019,Hamidou Diallo,diallha01,51.0,526.0,10.1,0.49700000000000005,0.145,0.358,7.2,12.0,9.5,4.4,1.9,1.6,10.7,16.6,0.1,0.7,0.8,0.069,-4.4,0.2,-4.2,-0.3,2019
dienggo01_2019,Gorgui Dieng,dienggo01,76.0,1031.0,18.1,0.5720000000000001,0.149,0.281,8.3,24.1,16.1,10.3,2.2,3.4,11.9,19.6,1.5,1.3,2.8,0.132,-0.3,0.9,0.6,0.7,2019
dinwisp01_2019,Spencer Dinwiddie,dinwisp01,68.0,1914.0,16.3,0.58,0.447,0.43,1.4,7.6,4.6,25.6,1.0,0.7,13.4,24.9,3.5,1.4,4.8,0.121,1.4,-0.8,0.6,1.3,2019
divindo01_2019,Donte DiVincenzo,divindo01,27.0,411.0,9.1,0.507,0.669,0.09699999999999999,4.2,11.4,8.0,9.7,1.5,1.2,12.8,15.1,0.0,0.6,0.6,0.069,-2.8,0.6,-2.2,0.0,2019
doncilu01_2019,Luka Dončić,doncilu01,72.0,2318.0,19.6,0.545,0.433,0.409,4.0,21.9,13.0,31.6,1.6,0.9,15.0,30.5,2.1,2.8,4.9,0.10099999999999999,3.6,0.3,3.9,3.4,2019
dorsety01_2019,Tyler Dorsey,dorsety01,48.0,698.0,11.2,0.509,0.5,0.231,4.2,13.7,8.9,12.4,1.0,0.3,8.5,19.7,0.2,0.4,0.6,0.043,-1.4,-2.1,-3.5,-0.3,2019
dotsoda01_2019,Damyean Dotson,dotsoda01,73.0,2004.0,10.8,0.526,0.49,0.14,1.7,12.2,6.8,10.4,1.4,0.4,8.7,17.3,0.7,0.9,1.5,0.037000000000000005,-1.7,-0.9,-2.6,-0.3,2019
doziepj01_2019,PJ Dozier,doziepj01,6.0,51.0,16.0,0.434,0.381,0.095,12.5,23.1,17.8,13.7,1.9,0.0,0.0,18.5,0.1,0.1,0.1,0.125,-1.3,-0.6,-2.0,0.0,2019
dragigo01_2019,Goran Dragić,dragigo01,36.0,991.0,13.9,0.517,0.379,0.233,2.1,9.8,6.0,27.3,1.5,0.5,12.9,23.7,0.6,1.0,1.6,0.079,-0.5,-0.6,-1.1,0.2,2019
drumman01_2019,Andre Drummond,drumman01,79.0,2647.0,23.4,0.555,0.036000000000000004,0.392,16.8,34.7,25.4,7.2,2.5,4.4,12.4,22.9,4.1,5.9,10.0,0.18100000000000002,1.3,0.8,2.1,2.7,2019
dudleja01_2019,Jared Dudley,dudleja01,59.0,1220.0,7.8,0.5539999999999999,0.632,0.192,2.9,10.4,6.7,9.2,1.4,1.0,14.2,10.4,0.6,1.2,1.8,0.07,-2.9,1.1,-1.8,0.1,2019
dunnkr01_2019,Kris Dunn,dunnkr01,46.0,1389.0,12.4,0.484,0.19,0.136,1.5,13.3,7.3,30.0,2.4,1.3,16.2,20.1,-0.5,1.2,0.6,0.022000000000000002,-2.8,0.2,-2.7,-0.2,2019
duranke01_2019,Kevin Durant,duranke01,78.0,2702.0,24.2,0.631,0.281,0.366,1.4,17.5,9.8,26.2,1.0,2.6,12.3,29.0,8.6,2.9,11.5,0.204,5.4,0.1,5.5,5.1,2019
duvaltr01_2019,Trevon Duval,duvaltr01,3.0,6.0,38.3,0.833,0.33299999999999996,0.0,0.0,16.0,8.5,59.0,0.0,0.0,0.0,20.9,0.1,0.0,0.1,0.537,19.1,5.3,24.4,0.0,2019
edwarvi01_2019,Vince Edwards,edwarvi01,2.0,16.0,3.8,0.375,1.0,0.0,6.8,7.1,6.9,0.0,0.0,0.0,0.0,10.9,0.0,0.0,0.0,-0.013999999999999999,-1.6,-4.8,-6.4,0.0,2019
ellenhe01_2019,Henry Ellenson,ellenhe01,19.0,259.0,13.1,0.5379999999999999,0.4,0.263,2.0,25.5,13.4,9.6,1.3,0.7,7.8,19.0,0.2,0.2,0.4,0.077,-1.0,-0.5,-1.5,0.0,2019
ellinwa01_2019,Wayne Ellington,ellinwa01,53.0,1297.0,11.8,0.569,0.8140000000000001,0.107,1.1,7.9,4.5,8.3,2.0,0.4,7.7,17.2,1.3,1.4,2.6,0.09699999999999999,-0.3,0.3,0.0,0.7,2019
embiijo01_2019,Joel Embiid,embiijo01,64.0,2154.0,26.1,0.593,0.21899999999999997,0.541,8.1,34.0,21.4,18.4,1.0,4.4,13.2,33.3,4.9,3.8,8.7,0.19399999999999998,4.0,0.9,4.9,3.8,2019
ennisja01_2019,James Ennis,ennisja01,58.0,1230.0,11.0,0.59,0.531,0.276,5.3,10.9,8.1,4.7,1.6,1.6,9.3,12.7,1.6,1.0,2.6,0.10300000000000001,-1.4,-0.2,-1.5,0.1,2019
eubandr01_2019,Drew Eubanks,eubandr01,23.0,113.0,15.1,0.6459999999999999,0.0,0.5,5.8,26.8,16.4,8.3,0.9,3.7,20.1,15.5,0.1,0.2,0.3,0.12,-1.9,0.7,-1.3,0.0,2019
evansja01_2019,Jawun Evans,evansja01,8.0,65.0,0.1,0.214,0.214,0.0,1.7,19.0,10.2,19.7,2.2,0.0,30.0,13.2,-0.2,0.0,-0.2,-0.151,-10.4,0.1,-10.3,-0.1,2019
evansja02_2019,Jacob Evans,evansja02,30.0,204.0,3.5,0.374,0.28300000000000003,0.019,3.3,9.5,6.5,13.7,1.2,1.2,17.1,13.5,-0.3,0.2,-0.1,-0.03,-6.9,-1.2,-8.2,-0.3,2019
evansty01_2019,Tyreke Evans,evansty01,69.0,1402.0,11.5,0.483,0.327,0.242,2.7,13.0,7.9,17.5,2.0,1.1,13.9,26.4,-1.7,2.0,0.3,0.01,-2.4,-0.3,-2.7,-0.2,2019
exumda01_2019,Dante Exum,exumda01,42.0,664.0,11.2,0.516,0.257,0.35700000000000004,2.7,8.3,5.5,24.1,1.0,0.6,15.7,21.3,0.2,0.7,1.0,0.069,-2.0,-0.1,-2.1,0.0,2019
farieke01_2019,Kenneth Faried,farieke01,37.0,728.0,21.6,0.622,0.094,0.374,14.4,23.4,18.8,4.6,1.1,2.7,9.7,20.3,2.1,0.9,2.9,0.193,1.3,-1.5,-0.2,0.3,2019
favorde01_2019,Derrick Favors,favorde01,76.0,1766.0,21.8,0.624,0.126,0.368,12.9,21.3,17.2,8.0,1.5,4.8,10.5,19.4,4.4,3.5,7.9,0.215,1.8,1.5,3.3,2.4,2019
feliccr01_2019,Cristiano Felício,feliccr01,60.0,746.0,13.4,0.568,0.022000000000000002,0.408,11.4,20.5,15.9,7.2,0.7,0.8,13.5,14.3,0.9,0.4,1.4,0.08800000000000001,-2.0,-2.1,-4.1,-0.4,2019
feltora01_2019,Raymond Felton,feltora01,33.0,379.0,11.2,0.505,0.452,0.096,1.1,8.4,4.6,18.7,1.2,1.3,9.0,16.6,0.3,0.4,0.7,0.087,-1.7,0.4,-1.3,0.1,2019
fergute01_2019,Terrance Ferguson,fergute01,74.0,1931.0,6.4,0.5660000000000001,0.6729999999999999,0.11800000000000001,1.7,6.0,3.8,4.8,1.0,0.7,9.4,10.6,1.2,1.6,2.8,0.07,-3.9,0.1,-3.8,-0.9,2019
ferreyo01_2019,Yogi Ferrell,ferreyo01,71.0,1067.0,12.7,0.55,0.423,0.19,1.2,9.5,5.3,17.0,1.6,0.3,9.5,16.3,1.3,0.6,1.9,0.087,-1.0,-0.4,-1.4,0.2,2019
finnedo01_2019,Dorian Finney-Smith,finnedo01,81.0,1985.0,11.0,0.53,0.48100000000000004,0.195,7.5,13.4,10.5,6.9,1.7,1.5,11.4,14.0,1.2,2.0,3.3,0.079,-1.8,0.4,-1.4,0.3,2019
forbebr01_2019,Bryn Forbes,forbebr01,82.0,2293.0,12.0,0.586,0.522,0.099,0.9,10.4,5.7,10.6,1.0,0.1,8.8,17.4,2.5,1.3,3.8,0.079,-0.3,-0.9,-1.2,0.5,2019
fournev01_2019,Evan Fournier,fournev01,81.0,2553.0,12.3,0.536,0.42100000000000004,0.159,1.6,9.4,5.4,17.6,1.4,0.4,11.9,22.1,0.8,2.5,3.2,0.061,-1.8,-0.6,-2.4,-0.3,2019
foxde01_2019,De'Aaron Fox,foxde01,81.0,2546.0,18.1,0.544,0.21100000000000002,0.37799999999999995,1.7,10.8,6.2,33.2,2.4,1.5,15.0,24.5,3.2,2.5,5.6,0.106,1.3,0.2,1.5,2.3,2019
frazime01_2019,Melvin Frazier,frazime01,10.0,44.0,1.2,0.33,0.28600000000000003,0.19,7.2,4.9,6.1,3.3,1.1,0.0,4.2,23.5,-0.2,0.0,-0.1,-0.133,-11.3,-3.2,-14.5,-0.1,2019
fraziti01_2019,Tim Frazier,fraziti01,59.0,1120.0,11.7,0.544,0.387,0.207,3.9,11.5,7.7,27.6,1.2,0.4,21.1,13.3,1.3,0.7,2.0,0.084,-1.4,-0.4,-1.8,0.1,2019
fredeji01_2019,Jimmer Fredette,fredeji01,6.0,65.0,3.6,0.348,0.44799999999999995,0.207,1.7,10.4,6.0,17.5,2.2,0.0,13.6,24.2,-0.2,0.0,-0.2,-0.166,-8.4,-2.9,-11.3,-0.2,2019
fryech01_2019,Channing Frye,fryech01,36.0,341.0,8.9,0.524,0.675,0.12,1.2,16.4,8.5,8.6,0.9,1.3,9.5,17.5,0.1,0.0,0.1,0.016,-1.7,-1.8,-3.5,-0.1,2019
fultzma01_2019,Markelle Fultz,fultzma01,19.0,427.0,10.5,0.452,0.09,0.239,6.6,10.6,8.7,19.5,1.9,0.9,12.7,19.3,-0.1,0.4,0.3,0.035,-3.3,0.2,-3.1,-0.1,2019
gallida01_2019,Danilo Gallinari,gallida01,68.0,2059.0,21.0,0.633,0.42100000000000004,0.45899999999999996,2.9,18.1,10.7,13.2,1.1,0.9,8.5,23.8,6.4,1.8,8.2,0.191,4.9,-0.5,4.3,3.3,2019
gallola01_2019,Langston Galloway,gallola01,80.0,1745.0,10.7,0.534,0.647,0.16399999999999998,3.0,7.9,5.4,7.3,1.0,0.4,3.7,16.1,2.1,1.3,3.4,0.094,-0.9,-0.6,-1.5,0.2,2019
garrebi01_2019,Billy Garrett,garrebi01,4.0,63.0,9.8,0.452,0.29600000000000004,0.14800000000000002,0.0,5.1,2.5,18.0,0.8,1.3,6.5,20.9,0.0,0.0,0.0,-0.019,-3.9,-1.7,-5.5,-0.1,2019
gasolma01_2019,Marc Gasol,gasolma01,79.0,2436.0,16.7,0.546,0.314,0.29100000000000004,3.6,25.1,14.3,22.2,1.7,3.2,13.6,20.7,2.0,4.0,6.0,0.11800000000000001,0.8,2.3,3.1,3.1,2019
gasolpa01_2019,Pau Gasol,gasolpa01,30.0,360.0,16.7,0.529,0.138,0.426,6.7,34.2,20.6,19.1,0.7,3.5,12.5,15.6,0.5,0.5,1.1,0.142,1.0,2.1,3.1,0.5,2019
gayru01_2019,Rudy Gay,gayru01,69.0,1842.0,17.5,0.583,0.247,0.19699999999999998,3.8,23.9,13.9,14.7,1.4,1.6,12.3,22.1,2.2,2.2,4.4,0.115,0.8,0.6,1.4,1.6,2019
georgpa01_2019,Paul George,georgpa01,77.0,2841.0,23.3,0.583,0.469,0.335,3.7,19.6,11.4,17.7,2.8,1.0,10.0,29.5,7.0,4.9,11.9,0.201,5.6,1.6,7.2,6.6,2019
gibsota01_2019,Taj Gibson,gibsota01,70.0,1686.0,17.8,0.612,0.063,0.33,10.8,18.3,14.5,7.3,1.5,2.0,10.6,17.2,3.7,1.4,5.1,0.14400000000000002,0.3,-0.4,-0.1,0.8,2019
gilesha01_2019,Harry Giles,gilesha01,58.0,820.0,14.4,0.526,0.017,0.261,8.1,20.1,14.0,15.2,1.8,2.3,15.8,23.2,0.0,1.0,1.0,0.055999999999999994,-3.4,0.4,-3.0,-0.2,2019
gilgesh01_2019,Shai Gilgeous-Alexander,gilgesh01,82.0,2174.0,13.4,0.5539999999999999,0.19399999999999998,0.272,2.9,8.3,5.7,17.8,2.1,1.6,15.0,18.3,1.5,1.9,3.3,0.07400000000000001,-0.9,0.4,-0.5,0.8,2019
goberru01_2019,Rudy Gobert,goberru01,81.0,2577.0,24.6,0.682,0.0,0.733,13.2,30.2,21.9,9.6,1.2,5.8,12.1,17.8,8.7,5.7,14.4,0.268,3.0,2.5,5.4,4.8,2019
goodwbr01_2019,Brandon Goodwin,goodwbr01,16.0,57.0,8.3,0.413,0.261,0.478,1.9,3.8,2.8,32.1,0.0,0.0,9.7,23.1,0.0,0.0,0.0,0.021,-4.7,-4.8,-9.5,-0.1,2019
gordoaa01_2019,Aaron Gordon,gordoaa01,78.0,2633.0,15.1,0.5379999999999999,0.332,0.242,5.2,18.4,11.7,16.6,1.1,1.8,12.3,21.8,1.8,3.3,5.1,0.09300000000000001,0.3,0.3,0.6,1.7,2019
gordoer01_2019,Eric Gordon,gordoer01,68.0,2158.0,12.2,0.5489999999999999,0.64,0.162,0.9,6.9,3.8,9.4,0.9,1.1,8.2,22.0,1.7,1.0,2.6,0.059000000000000004,0.5,-1.8,-1.3,0.4,2019
gortama01_2019,Marcin Gortat,gortama01,47.0,751.0,12.8,0.562,0.0,0.258,9.8,26.5,18.4,12.0,0.4,2.5,19.4,14.4,0.6,0.8,1.4,0.08900000000000001,-1.7,0.4,-1.3,0.1,2019
grahade01_2019,Devonte' Graham,grahade01,46.0,676.0,10.3,0.45899999999999996,0.56,0.213,1.6,8.6,5.0,24.8,1.7,0.3,11.3,17.0,0.2,0.3,0.5,0.035,-2.6,-1.3,-4.0,-0.3,2019
grahatr01_2019,Treveon Graham,grahatr01,35.0,715.0,6.1,0.45799999999999996,0.67,0.115,3.4,12.3,7.9,6.5,0.9,0.8,7.8,12.8,-0.1,0.6,0.5,0.033,-3.7,0.0,-3.7,-0.3,2019
grantdo01_2019,Donte Grantham,grantdo01,3.0,2.0,-38.1,0.0,1.0,0.0,0.0,0.0,0.0,0.0,0.0,0.0,0.0,40.7,0.0,0.0,0.0,-0.946,-23.6,-14.0,-37.6,0.0,2019
grantje01_2019,Jerami Grant,grantje01,80.0,2612.0,13.8,0.5920000000000001,0.35600000000000004,0.26899999999999996,3.7,13.1,8.2,4.2,1.1,3.2,6.8,15.4,4.0,3.3,7.3,0.134,-0.4,0.6,0.2,1.5,2019
grantje02_2019,Jerian Grant,grantje02,60.0,939.0,10.8,0.526,0.5,0.182,2.1,9.1,5.6,22.4,2.3,0.5,17.7,13.4,0.5,1.1,1.7,0.085,-2.9,1.3,-1.6,0.1,2019
greenda02_2019,Danny Green,greenda02,80.0,2216.0,13.0,0.632,0.69,0.07,3.0,12.2,7.7,7.7,1.6,2.0,10.4,14.1,3.0,2.9,5.9,0.128,1.1,0.8,2.0,2.2,2019
greendr01_2019,Draymond Green,greendr01,66.0,2065.0,12.9,0.526,0.391,0.21600000000000003,3.2,20.8,12.4,26.8,2.2,2.8,26.8,13.1,1.1,3.2,4.3,0.1,-1.3,2.7,1.4,1.8,2019
greenge01_2019,Gerald Green,greenge01,73.0,1473.0,11.4,0.555,0.763,0.11800000000000001,2.2,11.7,6.8,4.1,1.1,1.6,8.3,19.5,0.9,1.0,1.9,0.061,-0.2,-1.5,-1.7,0.1,2019
greenja01_2019,JaMychal Green,greenja01,65.0,1371.0,14.7,0.5870000000000001,0.37,0.212,8.3,24.3,16.4,5.8,1.6,2.3,14.3,19.4,0.9,1.9,2.9,0.10099999999999999,-1.3,-0.4,-1.7,0.1,2019
greenje02_2019,Jeff Green,greenje02,77.0,2097.0,13.6,0.608,0.466,0.3,2.9,13.3,8.0,9.2,1.0,1.6,11.5,17.8,2.8,0.8,3.6,0.083,0.0,-1.4,-1.4,0.3,2019
griffbl01_2019,Blake Griffin,griffbl01,75.0,2622.0,21.0,0.581,0.389,0.41,4.0,20.1,11.8,27.1,1.0,0.9,13.8,30.2,5.1,2.9,8.0,0.147,4.9,0.2,5.1,4.7,2019
hamilda02_2019,Daniel Hamilton,hamilda02,19.0,204.0,7.1,0.455,0.38299999999999995,0.1,5.0,19.5,12.1,14.5,1.4,0.4,20.3,15.7,-0.2,0.1,-0.1,-0.024,-3.6,-0.5,-4.1,-0.1,2019
hannadu01_2019,Dusty Hannahs,hannadu01,2.0,26.0,4.5,0.311,0.41700000000000004,0.16699999999999998,0.0,4.4,2.2,28.8,1.9,0.0,7.2,23.9,-0.1,0.0,-0.1,-0.125,-6.5,-3.2,-9.7,-0.1,2019
hardati02_2019,Tim Hardaway Jr.,hardati02,65.0,2057.0,13.6,0.527,0.48,0.278,1.7,9.8,5.7,12.8,1.3,0.3,8.6,25.4,1.0,0.9,1.8,0.043,-0.1,-2.0,-2.0,0.0,2019
hardeja01_2019,James Harden,hardeja01,78.0,2867.0,30.6,0.616,0.539,0.449,2.5,17.8,10.0,39.5,2.7,1.7,14.5,40.5,11.4,3.8,15.2,0.254,9.4,1.6,11.0,9.3,2019
harklma01_2019,Maurice Harkless,harklma01,60.0,1415.0,13.2,0.547,0.309,0.188,5.9,14.1,10.1,7.1,2.3,3.0,9.7,13.9,1.5,1.9,3.4,0.114,-1.0,1.7,0.7,1.0,2019
harremo01_2019,Montrezl Harrell,harremo01,82.0,2158.0,23.4,0.636,0.019,0.466,9.3,16.7,13.1,12.5,1.6,4.0,11.0,23.5,6.1,2.6,8.7,0.193,2.6,0.7,3.3,2.9,2019
harrian01_2019,Andrew Harrison,harrian01,17.0,187.0,5.8,0.44299999999999995,0.47200000000000003,0.34,3.4,8.5,5.8,17.1,1.1,0.9,16.5,16.8,-0.1,0.0,-0.1,-0.027000000000000003,-5.8,-1.2,-7.1,-0.2,2019
harride01_2019,Devin Harris,harride01,68.0,1071.0,10.7,0.527,0.5760000000000001,0.386,1.2,9.9,5.6,16.7,1.6,1.3,12.1,18.5,0.6,0.9,1.5,0.068,-2.6,0.4,-2.2,-0.1,2019
harriga01_2019,Gary Harris,harriga01,57.0,1639.0,12.2,0.526,0.38,0.226,2.7,7.9,5.3,11.0,1.6,1.0,8.9,20.0,1.1,1.5,2.6,0.076,-1.2,-0.4,-1.6,0.2,2019
harrijo01_2019,Joe Harris,harrijo01,76.0,2293.0,13.5,0.645,0.516,0.17800000000000002,2.4,10.9,6.7,11.9,0.8,0.6,13.0,17.0,3.8,1.7,5.5,0.11599999999999999,0.8,-0.3,0.5,1.4,2019
harrish01_2019,Shaquille Harrison,harrish01,73.0,1430.0,12.4,0.494,0.209,0.289,2.5,14.5,8.4,14.1,3.0,1.8,11.1,16.5,-0.1,1.6,1.4,0.048,-2.8,1.5,-1.3,0.2,2019
harrito02_2019,Tobias Harris,harrito02,82.0,2847.0,17.2,0.5920000000000001,0.313,0.245,2.6,20.8,12.0,12.5,0.8,1.0,9.8,22.8,4.5,2.6,7.1,0.12,2.1,-0.5,1.6,2.6,2019
harteis01_2019,Isaiah Hartenstein,harteis01,28.0,221.0,10.0,0.562,0.146,0.341,10.3,13.3,11.8,9.4,1.6,4.6,21.6,11.8,0.2,0.3,0.5,0.10099999999999999,-5.1,1.2,-3.9,-0.1,2019
hartjo01_2019,Josh Hart,hartjo01,67.0,1715.0,9.3,0.526,0.591,0.172,2.2,12.6,7.5,7.0,1.7,1.9,10.4,13.5,0.2,1.9,2.1,0.059000000000000004,-2.3,1.0,-1.3,0.3,2019
hasleud01_2019,Udonis Haslem,hasleud01,10.0,74.0,3.6,0.36,0.364,0.121,4.3,34.5,19.4,4.0,0.0,0.0,7.9,21.9,-0.2,0.1,-0.1,-0.075,-8.4,-2.4,-10.9,-0.2,2019
haywago01_2019,Gordon Hayward,haywago01,72.0,1863.0,15.6,0.575,0.364,0.294,2.9,15.5,9.2,18.4,1.6,1.1,12.8,19.0,2.6,2.3,4.9,0.126,0.4,0.4,0.8,1.3,2019
hensojo01_2019,John Henson,hensojo01,14.0,188.0,17.1,0.5529999999999999,0.46299999999999997,0.149,9.2,28.0,19.2,10.1,1.7,4.9,14.4,18.6,0.1,0.4,0.6,0.146,0.4,2.1,2.5,0.2,2019
hernaju01_2019,Juan Hernangómez,hernaju01,70.0,1358.0,11.0,0.58,0.5760000000000001,0.27399999999999997,5.1,16.1,10.6,5.3,1.0,1.6,9.5,12.2,1.6,1.4,3.0,0.105,-0.9,-0.2,-1.1,0.3,2019
hernawi01_2019,Willy Hernangómez,hernawi01,58.0,812.0,20.4,0.5870000000000001,0.132,0.488,15.3,26.3,20.7,11.5,1.0,2.1,13.9,22.1,1.8,0.8,2.6,0.153,1.1,-1.1,-0.1,0.4,2019
hezonma01_2019,Mario Hezonja,hezonma01,58.0,1206.0,10.8,0.49700000000000005,0.32799999999999996,0.24600000000000002,2.4,18.7,10.4,11.5,2.3,0.6,14.6,21.3,-1.1,1.1,-0.1,-0.003,-3.5,-0.3,-3.8,-0.5,2019
hicksis01_2019,Isaiah Hicks,hicksis01,3.0,32.0,17.4,0.588,0.0,0.625,6.4,16.7,11.4,9.4,1.5,7.9,8.9,15.0,0.1,0.0,0.1,0.153,-2.1,2.2,0.1,0.0,2019
hieldbu01_2019,Buddy Hield,hieldbu01,82.0,2615.0,17.5,0.5870000000000001,0.479,0.142,4.1,12.4,8.1,11.9,1.0,1.1,9.2,25.1,4.3,1.6,5.9,0.10800000000000001,3.5,-1.4,2.1,2.7,2019
highsha01_2019,Haywood Highsmith,highsha01,5.0,40.0,4.5,0.414,0.5,0.2,0.0,12.9,6.6,6.6,1.2,0.0,8.4,12.4,0.0,0.0,0.0,-0.023,-5.8,-2.4,-8.2,-0.1,2019
hilarne01_2019,Nenê,hilarne01,42.0,546.0,11.9,0.552,0.026000000000000002,0.405,6.7,18.4,12.5,6.8,1.6,2.3,7.4,11.7,0.8,0.6,1.4,0.12300000000000001,-3.1,0.9,-2.2,0.0,2019
hillge01_2019,George Hill,hillge01,60.0,1302.0,12.1,0.5539999999999999,0.40700000000000003,0.226,3.2,8.3,5.9,14.0,1.9,0.5,11.0,15.1,1.5,1.3,2.8,0.10300000000000001,-1.9,0.5,-1.4,0.2,2019
hillso01_2019,Solomon Hill,hillso01,44.0,878.0,6.8,0.49700000000000005,0.5670000000000001,0.18,4.1,11.5,7.8,7.6,1.2,0.9,13.9,10.4,0.1,0.4,0.5,0.028999999999999998,-3.1,-0.4,-3.6,-0.3,2019
holidaa01_2019,Aaron Holiday,holidaa01,50.0,646.0,11.9,0.518,0.485,0.191,0.9,10.4,5.8,19.3,1.6,1.8,12.3,21.9,0.1,0.8,0.9,0.065,-1.7,0.1,-1.6,0.1,2019
holidjr01_2019,Jrue Holiday,holidjr01,67.0,2402.0,19.4,0.555,0.313,0.23399999999999999,3.3,11.0,7.2,31.8,2.1,1.8,14.1,25.4,3.5,1.9,5.4,0.10800000000000001,3.1,-0.1,3.0,3.1,2019
holidju01_2019,Justin Holiday,holidju01,82.0,2607.0,10.0,0.52,0.598,0.136,1.9,11.9,6.8,8.1,2.3,1.2,11.2,15.7,-0.4,2.5,2.1,0.038,-2.3,0.5,-1.8,0.1,2019
hollajo02_2019,John Holland,hollajo02,1.0,1.0,0.0,0.0,0.0,0.0,0.0,0.0,0.0,0.0,0.0,0.0,0.0,0.0,0.0,0.0,0.0,-0.032,-3.4,-1.6,-5.0,0.0,2019
holliro01_2019,Rondae Hollis-Jefferson,holliro01,59.0,1234.0,12.5,0.46399999999999997,0.10099999999999999,0.376,7.1,19.2,13.2,11.7,1.7,1.7,10.7,21.6,-0.5,1.7,1.2,0.047,-3.0,0.4,-2.6,-0.2,2019
holmeri01_2019,Richaun Holmes,holmeri01,70.0,1184.0,20.7,0.647,0.0,0.479,10.6,20.5,15.5,7.9,1.7,5.6,10.5,17.9,3.1,1.1,4.3,0.17300000000000001,0.1,0.5,0.6,0.8,2019
hoodro01_2019,Rodney Hood,hoodro01,72.0,1893.0,12.3,0.545,0.35200000000000004,0.231,1.4,7.9,4.6,10.0,1.5,0.5,6.9,18.1,2.1,0.5,2.6,0.065,-1.2,-0.8,-2.0,0.0,2019
horfoal01_2019,Al Horford,horfoal01,68.0,1973.0,20.2,0.605,0.281,0.131,6.5,18.3,12.4,21.2,1.4,3.9,11.8,18.9,4.5,2.9,7.5,0.18100000000000002,3.3,1.9,5.1,3.6,2019
houseda01_2019,Danuel House,houseda01,39.0,979.0,12.2,0.6459999999999999,0.706,0.282,2.8,13.3,7.9,5.9,1.1,1.0,11.0,14.1,1.6,0.7,2.3,0.113,0.1,-0.5,-0.5,0.4,2019
howardw01_2019,Dwight Howard,howardw01,9.0,230.0,17.4,0.638,0.0,0.696,11.1,28.3,19.6,2.6,1.4,1.5,15.1,19.6,0.4,0.2,0.6,0.124,-1.3,-1.7,-3.0,-0.1,2019
huertke01_2019,Kevin Huerter,huertke01,75.0,2048.0,10.1,0.5329999999999999,0.537,0.085,3.0,9.7,6.3,14.5,1.5,1.1,13.8,15.7,0.7,0.7,1.5,0.034,-1.6,-0.8,-2.4,-0.2,2019
humphis01_2019,Isaac Humphries,humphis01,5.0,56.0,3.4,0.35700000000000004,0.524,0.0,7.4,13.4,10.3,0.0,0.8,0.0,0.0,15.2,-0.1,0.0,-0.1,-0.047,-6.2,-4.7,-11.0,-0.1,2019
hunterj01_2019,R.J. Hunter,hunterj01,1.0,26.0,21.5,0.612,0.769,0.154,4.1,8.2,6.2,18.0,1.9,0.0,0.0,23.0,0.1,0.0,0.1,0.226,3.2,0.4,3.6,0.0,2019
hutchch01_2019,Chandler Hutchison,hutchch01,44.0,895.0,8.8,0.507,0.239,0.182,3.7,18.9,11.2,5.3,1.2,0.6,10.0,12.2,0.0,0.6,0.6,0.03,-3.4,-0.5,-3.9,-0.4,2019
ibakase01_2019,Serge Ibaka,ibakase01,74.0,2010.0,18.7,0.5820000000000001,0.193,0.20199999999999999,8.6,23.2,16.1,7.7,0.7,4.3,10.7,22.9,2.8,3.3,6.1,0.146,0.2,0.1,0.2,1.2,2019
iguodan01_2019,Andre Iguodala,iguodan01,68.0,1578.0,13.1,0.5870000000000001,0.47700000000000004,0.222,3.4,13.2,8.5,16.8,1.8,2.7,13.6,10.4,2.4,1.8,4.2,0.129,0.1,1.7,1.8,1.5,2019
ilyaser01_2019,Ersan İlyasova,ilyaser01,67.0,1231.0,11.6,0.5479999999999999,0.42,0.19399999999999998,8.2,16.2,12.5,5.5,1.2,1.4,10.4,15.7,1.2,1.9,3.0,0.11900000000000001,-2.4,0.1,-2.3,-0.1,2019
inglejo01_2019,Joe Ingles,inglejo01,82.0,2568.0,13.4,0.581,0.602,0.153,1.5,12.2,7.0,26.1,1.8,0.6,18.4,17.5,2.5,3.6,6.0,0.113,0.3,1.1,1.4,2.2,2019
ingraan01_2019,Andre Ingram,ingraan01,4.0,15.0,-11.9,0.0,0.5,0.0,7.0,6.7,6.9,0.0,3.1,0.0,14.3,19.3,-0.1,0.0,-0.1,-0.408,-14.8,-4.8,-19.6,-0.1,2019
ingrabr01_2019,Brandon Ingram,ingrabr01,52.0,1760.0,13.4,0.555,0.129,0.396,2.5,13.0,7.8,12.9,0.7,1.4,13.1,23.2,0.6,1.4,2.0,0.055,-1.3,-0.7,-2.0,0.0,2019
irvinky01_2019,Kyrie Irving,irvinky01,67.0,2214.0,24.3,0.5920000000000001,0.35,0.19699999999999998,3.4,12.7,8.1,35.0,2.2,1.4,11.3,29.6,6.2,2.9,9.1,0.19699999999999998,6.0,1.1,7.2,5.1,2019
isaacjo01_2019,Jonathan Isaac,isaacjo01,75.0,1996.0,13.0,0.537,0.435,0.221,5.2,17.0,11.0,5.7,1.4,4.1,10.1,16.3,0.9,3.1,4.0,0.096,-1.4,1.0,-0.4,0.8,2019
iwundwe01_2019,Wesley Iwundu,iwundwe01,68.0,1233.0,8.7,0.531,0.28800000000000003,0.376,3.2,13.0,8.0,7.9,1.1,1.5,12.1,12.8,0.5,1.4,1.9,0.073,-3.8,0.6,-3.2,-0.4,2019
jacksde01_2019,Demetrius Jackson,jacksde01,6.0,39.0,21.0,0.6559999999999999,0.4,0.267,5.6,2.6,4.1,19.6,2.4,0.0,5.6,19.1,0.2,0.0,0.2,0.231,3.6,0.9,4.5,0.1,2019
jacksfr01_2019,Frank Jackson,jacksfr01,61.0,1169.0,9.4,0.517,0.37799999999999995,0.163,2.2,9.5,5.9,8.0,1.0,0.1,9.1,18.5,0.1,0.4,0.4,0.018000000000000002,-2.9,-1.7,-4.6,-0.8,2019
jacksja02_2019,Jaren Jackson Jr.,jacksja02,58.0,1515.0,16.4,0.591,0.24100000000000002,0.33399999999999996,5.3,15.0,10.1,7.2,1.7,5.1,12.7,22.8,1.2,2.2,3.3,0.105,-1.2,1.0,-0.3,0.7,2019
jacksjo02_2019,Josh Jackson,jacksjo02,79.0,1988.0,10.6,0.48700000000000004,0.268,0.253,3.6,15.9,9.7,14.1,1.8,2.3,15.6,23.9,-2.8,1.1,-1.7,-0.04,-3.3,-1.2,-4.6,-1.3,2019
jacksju01_2019,Justin Jackson,jacksju01,81.0,1614.0,11.3,0.561,0.505,0.163,2.8,11.0,6.9,8.1,0.9,0.7,5.3,14.3,2.0,0.9,2.9,0.086,-0.8,-0.8,-1.6,0.2,2019
jacksre01_2019,Reggie Jackson,jacksre01,82.0,2289.0,15.2,0.547,0.45,0.225,2.1,8.5,5.2,24.7,1.2,0.3,11.4,24.5,3.1,1.9,5.0,0.105,1.3,-0.9,0.4,1.4,2019
jamesle01_2019,LeBron James,jamesle01,55.0,1937.0,25.6,0.588,0.299,0.382,3.1,21.3,12.4,39.4,1.7,1.4,13.3,31.6,4.7,2.6,7.2,0.179,6.4,1.7,8.0,4.9,2019
jeffeam01_2019,Amile Jefferson,jeffeam01,12.0,68.0,21.1,0.6920000000000001,0.0,0.5,9.3,24.0,16.5,6.4,2.2,3.7,4.9,13.1,0.2,0.1,0.4,0.258,0.5,2.0,2.5,0.1,2019
jenkijo01_2019,John Jenkins,jenkijo01,26.0,333.0,9.7,0.536,0.552,0.171,1.8,10.0,5.8,9.9,0.0,0.5,7.4,15.7,0.2,0.0,0.2,0.031,-1.0,-2.4,-3.4,-0.1,2019
jerebjo01_2019,Jonas Jerebko,jerebjo01,73.0,1218.0,13.5,0.588,0.53,0.225,6.6,18.1,12.6,10.1,1.1,1.2,9.9,15.2,2.1,1.2,3.3,0.13,-0.3,-0.4,-0.7,0.4,2019
johnsal02_2019,Alize Johnson,johnsal02,14.0,64.0,6.3,0.33299999999999996,0.125,0.5,7.1,25.5,16.5,2.0,0.8,4.2,0.0,13.3,-0.1,0.1,0.0,0.027000000000000003,-5.7,-2.0,-7.7,-0.1,2019
johnsam01_2019,Amir Johnson,johnsam01,51.0,529.0,13.1,0.574,0.255,0.261,9.7,19.5,14.7,16.0,1.4,1.9,20.5,17.4,0.4,0.7,1.1,0.098,-2.9,0.6,-2.3,0.0,2019
johnsbj01_2019,B.J. Johnson,johnsbj01,7.0,49.0,12.8,0.609,0.389,0.111,4.2,13.2,8.6,0.0,1.9,0.0,9.6,17.4,0.0,0.0,0.1,0.066,-2.3,-2.0,-4.3,0.0,2019
johnsja01_2019,James Johnson,johnsja01,55.0,1164.0,10.9,0.522,0.39299999999999996,0.185,2.0,14.1,8.0,17.0,1.5,2.1,15.3,17.8,0.0,1.5,1.5,0.062,-2.4,1.1,-1.2,0.2,2019
johnsst04_2019,Stanley Johnson,johnsst04,66.0,1208.0,9.6,0.485,0.489,0.145,3.0,16.9,9.7,10.6,2.4,1.0,14.7,19.4,-1.1,1.6,0.5,0.021,-3.1,0.9,-2.2,0.0,2019
johnsty01_2019,Tyler Johnson,johnsty01,57.0,1529.0,12.4,0.532,0.494,0.24100000000000002,2.4,9.8,6.1,15.9,1.7,1.6,11.7,18.5,0.9,1.4,2.3,0.071,-0.7,0.3,-0.4,0.6,2019
johnswe01_2019,Wesley Johnson,johnswe01,38.0,534.0,5.5,0.469,0.594,0.14800000000000002,2.4,11.7,7.1,5.3,1.2,1.9,11.7,12.0,-0.3,0.3,0.0,0.001,-4.3,-0.5,-4.8,-0.4,2019
jokicni01_2019,Nikola Jokić,jokicni01,80.0,2504.0,26.3,0.589,0.22399999999999998,0.292,9.8,27.6,18.7,37.0,2.1,1.9,15.4,27.4,7.5,4.3,11.8,0.226,6.2,2.9,9.1,7.0,2019
jonesda03_2019,Damian Jones,jonesda03,24.0,410.0,15.3,0.72,0.0,0.5,8.4,11.0,9.8,8.7,1.4,5.1,15.1,11.1,1.0,0.5,1.5,0.17300000000000001,-0.6,1.7,1.1,0.3,2019
jonesde02_2019,Derrick Jones Jr.,jonesde02,60.0,1153.0,14.0,0.5589999999999999,0.281,0.377,8.8,13.3,11.1,4.7,1.9,3.3,10.2,15.6,1.2,1.7,2.9,0.121,-1.5,1.0,-0.5,0.4,2019
jonesja04_2019,Jalen Jones,jonesja04,16.0,214.0,11.7,0.5479999999999999,0.452,0.435,5.5,12.5,8.8,4.8,2.1,0.8,9.8,16.7,0.2,0.1,0.3,0.055999999999999994,-2.3,-1.9,-4.3,-0.1,2019
jonesje01_2019,Jemerrio Jones,jonesje01,6.0,143.0,12.1,0.39799999999999996,0.303,0.061,11.8,23.4,17.7,11.4,2.3,2.9,12.9,11.3,0.0,0.2,0.2,0.084,-2.2,2.4,0.2,0.1,2019
joneste01_2019,Terrence Jones,joneste01,2.0,5.0,-15.8,0.225,0.5,0.25,0.0,90.3,44.2,0.0,0.0,0.0,18.4,47.2,-0.1,0.0,-0.1,-0.6609999999999999,-24.7,-6.4,-31.1,0.0,2019
jonesty01_2019,Tyus Jones,jonesty01,68.0,1560.0,13.7,0.491,0.28300000000000003,0.155,1.6,7.7,4.6,28.3,2.5,0.3,9.0,14.1,2.1,0.9,3.0,0.091,-0.9,0.3,-0.6,0.6,2019
jordade01_2019,DeAndre Jordan,jordade01,69.0,2047.0,19.0,0.674,0.0,0.5920000000000001,11.7,35.2,23.5,11.6,1.0,3.0,21.4,15.0,4.0,3.1,7.1,0.16699999999999998,0.8,1.3,2.1,2.1,2019
josepco01_2019,Cory Joseph,josepco01,82.0,2063.0,11.0,0.474,0.312,0.078,2.1,12.6,7.5,20.7,2.2,0.9,12.4,13.7,0.5,2.9,3.5,0.081,-2.1,1.7,-0.4,0.9,2019
kaminfr01_2019,Frank Kaminsky,kaminfr01,47.0,755.0,16.8,0.5870000000000001,0.466,0.359,5.5,18.1,11.7,12.9,0.8,1.4,10.6,22.1,1.3,0.5,1.8,0.114,1.4,-1.1,0.3,0.4,2019
kanteen01_2019,Enes Kanter,kanteen01,67.0,1640.0,22.3,0.594,0.05,0.28800000000000003,16.4,26.1,21.1,12.1,0.9,1.3,13.3,23.1,3.9,1.6,5.4,0.159,2.5,-1.5,1.0,1.2,2019
kennalu01_2019,Luke Kennard,kennalu01,63.0,1437.0,11.9,0.56,0.517,0.11699999999999999,0.9,13.5,7.0,12.3,0.9,0.6,9.4,18.1,1.3,1.3,2.5,0.085,-0.4,-0.6,-1.1,0.3,2019
kiddgmi01_2019,Michael Kidd-Gilchrist,kiddgmi01,64.0,1179.0,13.3,0.5529999999999999,0.142,0.37,7.9,14.8,11.3,7.4,1.3,2.9,10.0,15.7,1.5,1.0,2.5,0.1,-2.3,-0.1,-2.4,-0.1,2019
kingge03_2019,George King,kingge03,1.0,6.0,1.9,0.0,0.0,0.0,0.0,18.8,9.2,0.0,0.0,0.0,0.0,0.0,0.0,0.0,0.0,-0.001,-5.8,-2.1,-7.9,0.0,2019
klebima01_2019,Maxi Kleber,klebima01,71.0,1502.0,13.1,0.579,0.565,0.192,6.5,16.9,11.7,6.8,1.2,4.4,11.4,13.5,1.6,1.8,3.5,0.111,-0.8,1.2,0.4,0.9,2019
knighbr03_2019,Brandon Knight,knighbr03,39.0,736.0,8.9,0.484,0.496,0.131,1.4,7.7,4.4,14.4,1.4,0.2,9.8,18.1,-0.1,0.0,0.0,-0.002,-3.5,-2.0,-5.4,-0.6,2019
knoxke01_2019,Kevin Knox,knoxke01,75.0,2158.0,8.7,0.475,0.39799999999999996,0.247,2.9,13.6,8.1,6.0,1.0,0.9,10.1,22.3,-2.2,0.9,-1.3,-0.03,-3.4,-2.3,-5.7,-2.0,2019
korkmfu01_2019,Furkan Korkmaz,korkmfu01,48.0,679.0,11.5,0.528,0.588,0.18,2.6,13.8,8.3,10.7,2.0,0.2,8.6,17.9,0.4,0.7,1.1,0.079,-1.6,-0.2,-1.8,0.0,2019
kornelu01_2019,Luke Kornet,kornelu01,46.0,784.0,14.8,0.531,0.682,0.163,3.6,14.6,9.0,10.5,1.7,4.5,7.6,17.9,0.6,0.7,1.4,0.083,1.4,0.7,2.1,0.8,2019
korveky01_2019,Kyle Korver,korveky01,70.0,1334.0,11.2,0.5820000000000001,0.72,0.151,0.7,12.4,6.6,8.9,0.9,0.7,10.3,18.5,1.0,1.3,2.3,0.08199999999999999,-0.2,-0.3,-0.5,0.5,2019
koufoko01_2019,Kosta Koufos,koufoko01,42.0,502.0,12.3,0.47700000000000004,0.0,0.157,10.4,26.3,18.2,9.5,1.4,3.1,14.2,15.7,0.0,0.7,0.7,0.063,-3.6,0.2,-3.4,-0.2,2019
kurucro01_2019,Rodions Kurucs,kurucro01,63.0,1294.0,11.0,0.545,0.41,0.205,4.6,15.4,10.0,6.0,1.5,1.5,13.6,18.4,0.1,1.5,1.6,0.059000000000000004,-2.9,0.3,-2.6,-0.2,2019
kuzmaky01_2019,Kyle Kuzma,kuzmaky01,70.0,2314.0,14.0,0.546,0.38799999999999996,0.23,2.7,14.1,8.5,11.5,0.8,0.9,10.0,23.8,1.2,1.9,3.1,0.065,-0.2,-1.2,-1.4,0.4,2019
labissk01_2019,Skal Labissière,labissk01,22.0,176.0,12.6,0.593,0.265,0.34700000000000003,5.4,20.3,12.8,8.6,1.4,2.8,16.3,16.0,0.1,0.2,0.3,0.08900000000000001,-2.9,-0.1,-3.0,0.0,2019
lambje01_2019,Jeremy Lamb,lambje01,79.0,2250.0,17.3,0.552,0.337,0.266,3.1,18.1,10.4,11.9,1.9,1.2,6.8,22.5,3.3,2.0,5.3,0.113,1.2,0.0,1.2,1.8,2019
lavinza01_2019,Zach LaVine,lavinza01,63.0,2171.0,18.7,0.574,0.28300000000000003,0.33,2.0,12.9,7.4,22.6,1.3,1.0,14.2,30.5,1.7,1.1,2.8,0.062,2.4,-1.6,0.8,1.5,2019
laymaja01_2019,Jake Layman,laymaja01,71.0,1327.0,13.5,0.594,0.42700000000000005,0.16699999999999998,4.6,12.6,8.7,5.6,1.1,1.8,9.2,15.9,1.9,1.2,3.1,0.111,-0.1,-0.3,-0.5,0.5,2019
leaftj01_2019,T.J. Leaf,leaftj01,58.0,522.0,16.9,0.5720000000000001,0.16899999999999998,0.16899999999999998,9.3,17.1,13.3,6.9,0.8,3.2,5.8,17.5,0.9,0.7,1.6,0.14800000000000002,0.3,-0.6,-0.3,0.2,2019
leeco01_2019,Courtney Lee,leeco01,34.0,428.0,10.3,0.49200000000000005,0.426,0.163,2.2,11.2,6.7,12.8,2.4,0.6,9.2,15.3,0.1,0.4,0.4,0.05,-3.4,0.8,-2.5,-0.1,2019
leeda03_2019,Damion Lee,leeda03,32.0,375.0,11.9,0.578,0.535,0.17300000000000001,2.4,15.3,9.1,4.5,1.6,0.0,7.4,16.8,0.3,0.4,0.7,0.09,-1.2,-1.1,-2.2,0.0,2019
lemonwa01_2019,Walt Lemon Jr.,lemonwa01,6.0,167.0,16.3,0.46799999999999997,0.057,0.126,2.6,15.1,8.8,30.3,3.2,0.5,9.8,26.6,-0.1,0.2,0.1,0.026000000000000002,-2.4,0.2,-2.2,0.0,2019
lenal01_2019,Alex Len,lenal01,77.0,1544.0,17.2,0.575,0.315,0.33299999999999996,10.5,18.5,14.4,8.6,0.8,3.9,11.5,22.1,2.2,1.0,3.2,0.1,0.0,-1.3,-1.2,0.3,2019
leonaka01_2019,Kawhi Leonard,leonaka01,60.0,2040.0,25.8,0.606,0.267,0.377,4.2,18.6,11.6,16.4,2.5,1.0,8.4,30.3,6.1,3.4,9.5,0.22399999999999998,6.1,1.1,7.2,4.7,2019
leoname01_2019,Meyers Leonard,leoname01,61.0,878.0,15.8,0.675,0.45899999999999996,0.21100000000000002,6.1,21.8,14.2,11.8,0.7,0.8,14.0,14.8,2.1,0.9,3.0,0.16399999999999998,1.5,0.3,1.8,0.8,2019
leuerjo01_2019,Jon Leuer,leuerjo01,41.0,402.0,13.2,0.616,0.09699999999999999,0.27399999999999997,7.1,19.8,13.2,5.5,1.5,0.8,15.4,16.1,0.4,0.5,0.9,0.11,-2.8,0.4,-2.5,0.0,2019
leverca01_2019,Caris LeVert,leverca01,40.0,1063.0,14.9,0.509,0.319,0.255,3.5,11.4,7.5,23.2,1.9,1.0,11.4,24.0,0.5,1.2,1.7,0.077,-0.3,0.5,0.2,0.6,2019
lillada01_2019,Damian Lillard,lillada01,80.0,2838.0,23.7,0.588,0.419,0.335,2.6,11.1,7.0,30.6,1.5,1.0,10.8,29.3,9.7,2.4,12.1,0.205,6.6,-0.3,6.4,6.0,2019
linje01_2019,Jeremy Lin,linje01,74.0,1436.0,13.5,0.5579999999999999,0.34600000000000003,0.38799999999999996,1.6,11.7,6.6,23.4,1.5,0.8,16.4,21.8,1.2,0.9,2.1,0.07,-1.4,-0.9,-2.2,-0.1,2019
livinsh01_2019,Shaun Livingston,livinsh01,64.0,967.0,11.7,0.555,0.01,0.243,4.9,7.9,6.5,14.8,1.5,2.3,14.1,12.0,1.2,0.9,2.0,0.10099999999999999,-1.7,0.7,-1.0,0.2,2019
loftoza01_2019,Zach Lofton,loftoza01,1.0,4.0,-10.0,0.0,1.0,0.0,0.0,0.0,0.0,0.0,12.3,0.0,50.0,21.6,-0.1,0.0,0.0,-0.447,-17.4,6.0,-11.5,0.0,2019
looneke01_2019,Kevon Looney,looneke01,80.0,1481.0,17.3,0.636,0.028999999999999998,0.303,14.6,15.4,15.0,10.9,1.5,3.0,11.5,12.8,4.2,1.8,6.0,0.19399999999999998,0.1,0.4,0.5,0.9,2019
lopezbr01_2019,Brook Lopez,lopezbr01,81.0,2322.0,14.6,0.597,0.6509999999999999,0.16899999999999998,1.5,15.0,8.7,5.7,1.0,6.5,8.9,16.7,2.3,4.3,6.7,0.138,0.4,1.8,2.2,2.4,2019
lopezro01_2019,Robin Lopez,lopezro01,74.0,1606.0,15.9,0.598,0.057999999999999996,0.23,9.4,10.0,9.7,8.8,0.3,4.2,14.0,18.6,2.0,0.7,2.7,0.081,-0.6,-1.4,-1.9,0.0,2019
loveke01_2019,Kevin Love,loveke01,22.0,598.0,19.5,0.561,0.519,0.40299999999999997,5.9,40.0,22.2,12.8,0.5,0.7,11.2,27.4,1.0,0.4,1.3,0.106,3.3,-1.6,1.6,0.6,2019
lowryky01_2019,Kyle Lowry,lowryky01,65.0,2213.0,16.5,0.562,0.613,0.263,2.1,12.9,7.6,34.8,2.0,1.2,18.1,19.6,3.6,3.0,6.6,0.14400000000000002,1.7,0.6,2.3,2.4,2019
loydjo01_2019,Jordan Loyd,loydjo01,12.0,55.0,16.3,0.635,0.444,0.611,2.0,15.3,8.8,15.1,0.0,0.0,8.1,19.4,0.2,0.0,0.2,0.19,0.0,-0.9,-1.0,0.0,2019
lucaska01_2019,Kalin Lucas,lucaska01,1.0,6.0,16.6,0.532,1.0,2.0,0.0,56.7,27.3,20.8,0.0,0.0,0.0,13.5,0.0,0.0,0.0,0.23800000000000002,-5.6,6.4,0.8,0.0,2019
luwawti01_2019,Timothé Luwawu-Cabarrot,luwawti01,50.0,669.0,8.0,0.489,0.532,0.188,1.7,14.1,7.8,5.5,1.4,1.0,8.2,16.6,-0.3,0.5,0.2,0.015,-4.1,-1.1,-5.2,-0.5,2019
lydonty01_2019,Tyler Lydon,lydonty01,25.0,94.0,9.3,0.595,0.556,0.16699999999999998,8.0,12.7,10.4,8.2,1.0,0.0,17.2,10.6,0.1,0.1,0.2,0.086,-2.8,-1.4,-4.2,-0.1,2019
lylestr01_2019,Trey Lyles,lylestr01,64.0,1120.0,12.7,0.5,0.40399999999999997,0.23399999999999999,4.2,19.6,11.9,11.3,1.3,1.8,11.1,23.4,-0.2,1.4,1.2,0.05,-1.8,-0.7,-2.4,-0.1,2019
machasc01_2019,Scott Machado,machasc01,4.0,19.0,22.2,0.7759999999999999,0.16699999999999998,0.16699999999999998,0.0,0.0,0.0,23.5,2.4,0.0,0.0,14.0,0.1,0.0,0.1,0.281,2.9,2.7,5.5,0.0,2019
macksh01_2019,Shelvin Mack,macksh01,57.0,1246.0,10.4,0.489,0.32299999999999995,0.20800000000000002,1.6,7.9,4.7,22.6,1.9,0.3,13.0,18.1,-0.2,1.1,0.9,0.034,-2.7,-0.4,-3.0,-0.3,2019
maconda01_2019,Daryl Macon,maconda01,8.0,90.0,5.5,0.48200000000000004,0.40700000000000003,0.259,2.4,11.8,7.1,11.2,0.5,0.0,16.6,17.2,-0.1,0.0,0.0,-0.022000000000000002,-5.3,-2.6,-7.9,-0.1,2019
macurjp01_2019,J.P. Macura,macurjp01,2.0,17.0,5.7,0.33299999999999996,0.444,0.0,0.0,19.4,9.5,18.0,0.0,0.0,0.0,22.8,0.0,0.0,0.0,-0.11,-4.7,-2.9,-7.7,0.0,2019
mahinia01_2019,Ian Mahinmi,mahinia01,34.0,498.0,12.0,0.531,0.154,0.5870000000000001,10.3,17.7,13.9,6.5,2.4,2.7,13.8,12.9,0.5,0.5,1.0,0.092,-3.5,0.6,-3.0,-0.1,2019
makerth01_2019,Thon Maker,makerth01,64.0,972.0,11.3,0.53,0.5710000000000001,0.313,4.5,17.4,11.0,6.3,1.0,4.4,9.8,14.8,0.5,1.5,2.0,0.099,-2.2,1.0,-1.2,0.2,2019
marjabo01_2019,Boban Marjanović,marjabo01,58.0,681.0,24.2,0.664,0.038,0.504,14.0,26.9,20.6,12.8,1.1,3.1,15.7,23.3,2.1,0.9,3.0,0.212,2.8,0.3,3.2,0.9,2019
markkla01_2019,Lauri Markkanen,markkla01,52.0,1682.0,17.1,0.5529999999999999,0.418,0.245,4.7,25.9,15.2,7.2,1.1,1.7,8.8,25.1,1.3,1.5,2.7,0.078,1.4,-1.5,-0.2,0.7,2019
martija01_2019,Jarell Martin,martija01,42.0,328.0,9.4,0.528,0.5479999999999999,0.106,3.5,20.5,11.9,7.8,0.4,2.0,9.2,15.9,0.1,0.4,0.5,0.073,-3.7,-0.2,-3.9,-0.2,2019
masonfr01_2019,Frank Mason III,masonfr01,38.0,435.0,12.4,0.502,0.379,0.337,1.4,9.0,5.1,26.3,1.7,0.8,15.6,21.8,0.0,0.3,0.3,0.033,-1.9,-1.3,-3.1,-0.1,2019
matenya01_2019,Yante Maten,matenya01,2.0,13.0,5.7,0.25,0.25,0.0,8.2,16.4,12.3,0.0,3.8,0.0,0.0,13.2,0.0,0.0,0.0,-0.026000000000000002,-7.5,-1.6,-9.2,0.0,2019
matthwe02_2019,Wesley Matthews,matthwe02,69.0,2091.0,10.3,0.546,0.5770000000000001,0.23399999999999999,1.7,7.1,4.4,11.1,1.3,0.7,10.6,17.8,1.1,1.5,2.7,0.062,-1.4,-0.5,-1.8,0.1,2019
mbahalu01_2019,Luc Mbah a Moute,mbahalu01,4.0,61.0,6.7,0.495,0.33299999999999996,0.278,3.6,8.4,6.1,4.5,0.8,1.3,9.0,15.4,0.0,0.0,0.0,0.009000000000000001,-2.9,0.0,-3.0,0.0,2019
mccalta01_2019,Tahjere McCall,mccalta01,1.0,8.0,9.6,0.581,0.33299999999999996,0.33299999999999996,0.0,13.1,6.6,0.0,0.0,0.0,0.0,18.1,0.0,0.0,0.0,0.055,-6.0,-0.6,-6.6,0.0,2019
mccawpa01_2019,Patrick McCaw,mccawpa01,29.0,397.0,7.5,0.532,0.444,0.23800000000000002,2.0,10.9,6.5,9.2,2.8,0.4,19.6,9.4,0.0,0.5,0.5,0.065,-4.8,1.9,-3.0,-0.1,2019
mccolcj01_2019,CJ McCollum,mccolcj01,70.0,2375.0,17.0,0.5529999999999999,0.358,0.154,2.9,9.7,6.3,13.8,1.1,0.9,7.4,25.5,4.0,1.7,5.6,0.114,2.1,-1.0,1.0,1.8,2019
mccontj01_2019,T.J. McConnell,mccontj01,76.0,1470.0,13.4,0.555,0.1,0.08800000000000001,2.1,10.2,6.3,24.7,2.5,0.9,17.3,15.0,1.2,1.7,2.9,0.094,-1.8,0.9,-0.9,0.4,2019
mcderdo01_2019,Doug McDermott,mcderdo01,77.0,1340.0,11.6,0.617,0.488,0.187,1.4,7.5,4.5,7.1,0.7,0.5,8.4,16.3,1.8,1.1,2.9,0.10300000000000001,-0.5,-0.9,-1.4,0.2,2019
mcgeeja01_2019,JaVale McGee,mcgeeja01,75.0,1671.0,21.8,0.634,0.019,0.237,12.3,22.5,17.5,4.8,1.3,7.3,13.2,20.2,3.0,2.9,5.9,0.171,0.3,1.2,1.4,1.4,2019
mcgruro01_2019,Rodney McGruder,mcgruro01,66.0,1550.0,9.4,0.51,0.488,0.156,4.1,12.2,8.2,10.3,1.1,0.7,11.5,15.4,0.4,1.6,1.9,0.059000000000000004,-2.2,-0.1,-2.3,-0.1,2019
mckinal01_2019,Alfonzo McKinnie,mckinal01,72.0,1003.0,11.2,0.569,0.429,0.175,9.0,16.9,13.1,4.0,0.9,1.3,9.2,13.9,1.2,0.9,2.1,0.1,-2.2,-1.3,-3.5,-0.4,2019
mclembe01_2019,Ben McLemore,mclembe01,19.0,158.0,10.5,0.541,0.6409999999999999,0.188,1.9,9.4,5.5,3.4,1.8,1.6,6.7,19.4,0.1,0.1,0.2,0.055,-2.1,-1.4,-3.5,-0.1,2019
mcraejo01_2019,Jordan McRae,mcraejo01,27.0,333.0,14.3,0.55,0.26899999999999996,0.26899999999999996,1.9,11.3,6.5,13.2,1.8,1.8,9.4,20.4,0.3,0.2,0.5,0.066,-0.9,-0.8,-1.7,0.0,2019
meeksjo01_2019,Jodie Meeks,meeksjo01,8.0,104.0,16.0,0.647,0.462,0.026000000000000002,1.1,11.1,6.2,11.5,0.5,0.8,4.8,17.1,0.2,0.1,0.3,0.153,1.4,-0.8,0.5,0.1,2019
mejrisa01_2019,Salah Mejri,mejrisa01,36.0,399.0,16.1,0.5589999999999999,0.304,0.28600000000000003,9.7,25.3,17.6,13.2,1.2,5.5,14.3,15.8,0.5,0.6,1.1,0.136,-1.1,1.9,0.8,0.3,2019
meltode01_2019,De'Anthony Melton,meltode01,50.0,984.0,9.9,0.466,0.371,0.109,2.8,12.5,7.5,22.3,3.3,1.9,21.8,15.0,-0.8,0.8,0.0,0.002,-3.8,1.1,-2.7,-0.2,2019
metuch01_2019,Chimezie Metu,metuch01,29.0,145.0,6.4,0.389,0.034,0.293,6.8,20.1,13.5,12.0,2.0,1.2,18.6,24.4,-0.5,0.2,-0.3,-0.099,-7.3,-1.4,-8.7,-0.2,2019
middlkh01_2019,Khris Middleton,middlkh01,77.0,2393.0,16.5,0.5579999999999999,0.413,0.225,2.3,16.5,9.8,20.1,1.6,0.2,12.1,25.1,2.5,3.6,6.1,0.12300000000000001,0.7,0.1,0.8,1.7,2019
milescj01_2019,C.J. Miles,milescj01,53.0,856.0,9.0,0.504,0.653,0.18600000000000003,1.7,10.3,6.1,6.0,1.5,1.5,8.2,18.6,-0.2,0.9,0.7,0.040999999999999995,-2.4,-0.5,-2.9,-0.2,2019
milleda01_2019,Darius Miller,milleda01,69.0,1757.0,8.4,0.55,0.752,0.147,0.8,6.6,3.8,10.4,1.1,1.1,10.3,13.4,1.1,0.6,1.6,0.045,-2.1,-0.8,-2.9,-0.4,2019
millema01_2019,Malcolm Miller,millema01,10.0,67.0,13.7,0.63,0.8079999999999999,0.154,1.7,6.3,4.0,2.1,0.7,1.2,3.5,18.5,0.1,0.1,0.2,0.13,1.2,-1.6,-0.5,0.0,2019
millspa01_2019,Paul Millsap,millspa01,70.0,1895.0,17.9,0.57,0.239,0.374,8.7,20.2,14.4,10.6,2.2,2.5,10.9,19.6,3.2,2.9,6.1,0.155,0.7,1.0,1.7,1.8,2019
millspa02_2019,Patty Mills,millspa02,82.0,1908.0,13.2,0.5720000000000001,0.609,0.155,1.4,8.9,5.2,17.6,1.3,0.4,11.6,18.5,2.2,1.2,3.5,0.087,0.4,-0.8,-0.3,0.8,2019
miltosh01_2019,Shake Milton,miltosh01,20.0,268.0,9.3,0.483,0.506,0.08,3.7,10.0,6.9,9.2,1.4,2.3,6.2,15.0,0.1,0.3,0.3,0.059000000000000004,-2.6,-0.6,-3.2,-0.1,2019
mirotni01_2019,Nikola Mirotić,mirotni01,46.0,1245.0,17.2,0.584,0.5870000000000001,0.22899999999999998,5.1,22.6,14.0,6.2,1.2,2.2,7.4,21.4,2.0,1.4,3.5,0.133,2.1,-0.6,1.5,1.1,2019
mitchdo01_2019,Donovan Mitchell,mitchdo01,77.0,2598.0,17.2,0.537,0.33899999999999997,0.259,2.5,10.5,6.6,21.2,2.0,0.9,11.3,31.6,1.3,3.7,5.0,0.092,1.2,0.1,1.3,2.2,2019
mitrona01_2019,Naz Mitrou-Long,mitrona01,14.0,84.0,2.2,0.38299999999999995,0.55,0.1,1.3,6.3,3.9,23.3,0.6,0.9,27.7,14.7,-0.2,0.1,-0.1,-0.046,-7.1,-1.6,-8.7,-0.1,2019
monkma01_2019,Malik Monk,monkma01,73.0,1258.0,11.8,0.518,0.563,0.174,1.3,10.6,5.9,14.3,1.4,1.3,12.0,24.6,-0.4,0.7,0.3,0.012,-1.3,-1.7,-3.0,-0.3,2019
monrogr01_2019,Greg Monroe,monrogr01,43.0,480.0,16.0,0.521,0.026000000000000002,0.381,15.4,22.9,19.3,8.1,1.4,1.4,12.7,22.6,0.4,0.7,1.1,0.10800000000000001,-2.0,-1.3,-3.2,-0.1,2019
mooreet01_2019,E'Twaun Moore,mooreet01,53.0,1463.0,11.5,0.5670000000000001,0.331,0.111,2.5,6.4,4.5,9.5,1.3,0.4,9.6,17.3,1.2,0.5,1.7,0.055,-1.2,-1.1,-2.3,-0.1,2019
moreler01_2019,Eric Moreland,moreler01,5.0,43.0,6.7,0.5,0.14300000000000002,0.0,10.3,39.6,25.2,11.8,1.1,1.9,41.7,12.0,-0.1,0.1,0.0,0.032,-6.7,2.0,-4.7,0.0,2019
morrija01_2019,Jaylen Morris,morrija01,4.0,29.0,12.2,0.46,0.3,0.2,0.0,16.5,8.8,18.1,3.2,0.0,8.4,17.2,0.0,0.1,0.1,0.084,-3.7,3.3,-0.4,0.0,2019
morrima02_2019,Markieff Morris,morrima02,58.0,1270.0,11.7,0.521,0.419,0.19,5.0,17.5,11.1,8.8,1.3,1.5,9.3,19.1,0.6,1.1,1.6,0.061,-2.1,-0.6,-2.7,-0.2,2019
morrima03_2019,Marcus Morris,morrima03,75.0,2091.0,14.2,0.568,0.461,0.205,3.9,19.5,11.7,7.5,1.0,1.1,9.1,20.9,2.1,2.5,4.5,0.10400000000000001,-0.2,-0.7,-0.9,0.6,2019
morrimo01_2019,Monte Morris,morrimo01,82.0,1970.0,16.2,0.5770000000000001,0.32299999999999995,0.115,1.9,8.8,5.3,21.7,1.8,0.2,6.6,17.1,4.4,1.8,6.2,0.151,1.1,0.3,1.5,1.7,2019
motiedo01_2019,Donatas Motiejūnas,motiedo01,3.0,13.0,-0.5,0.436,0.0,0.33299999999999996,16.9,8.3,12.6,11.9,0.0,6.5,30.4,33.5,-0.1,0.0,-0.1,-0.24600000000000002,-19.4,-2.3,-21.7,-0.1,2019
motlejo01_2019,Johnathan Motley,motlejo01,22.0,156.0,18.9,0.563,0.040999999999999995,0.5479999999999999,12.6,21.7,17.3,11.7,1.5,1.5,15.0,28.8,0.1,0.2,0.3,0.092,-1.2,-0.7,-1.9,0.0,2019
mudiaem01_2019,Emmanuel Mudiay,mudiaem01,59.0,1607.0,14.6,0.531,0.284,0.251,2.1,10.9,6.4,24.2,1.3,1.0,14.6,25.6,0.1,0.7,0.8,0.023,-0.2,-1.8,-2.0,0.0,2019
murraja01_2019,Jamal Murray,murraja01,75.0,2447.0,16.0,0.5379999999999999,0.353,0.19,2.9,11.2,7.0,22.4,1.3,1.0,11.1,24.9,2.8,2.3,5.1,0.1,1.4,-0.8,0.6,1.6,2019
musadz01_2019,Džanan Musa,musadz01,9.0,39.0,5.8,0.415,0.455,0.091,2.7,10.7,6.7,8.6,2.4,0.0,14.9,29.0,-0.2,0.0,-0.1,-0.152,-6.3,-0.9,-7.2,-0.1,2019
muscami01_2019,Mike Muscala,muscami01,64.0,1306.0,10.8,0.564,0.7090000000000001,0.235,4.7,14.7,9.8,7.7,0.8,2.3,10.8,14.3,1.2,1.2,2.5,0.091,-0.8,-0.3,-1.1,0.3,2019
mykhasv01_2019,Sviatoslav Mykhailiuk,mykhasv01,42.0,440.0,6.0,0.447,0.636,0.14300000000000002,2.2,6.2,4.2,10.9,1.5,0.2,12.4,16.0,-0.4,0.3,-0.1,-0.012,-3.9,-1.1,-5.0,-0.3,2019
naderab01_2019,Abdel Nader,naderab01,61.0,694.0,8.8,0.522,0.465,0.16699999999999998,2.0,15.7,8.6,3.8,1.3,1.5,10.1,15.1,0.0,0.9,0.9,0.062,-3.6,0.3,-3.2,-0.2,2019
nancela02_2019,Larry Nance Jr.,nancela02,67.0,1795.0,18.6,0.583,0.205,0.28,10.0,24.9,17.1,17.8,2.8,1.9,15.3,15.5,3.3,1.6,4.9,0.131,1.0,1.4,2.4,2.0,2019
napiesh01_2019,Shabazz Napier,napiesh01,56.0,983.0,15.3,0.534,0.524,0.317,1.9,8.7,5.3,22.2,2.0,1.3,11.7,24.0,1.0,1.0,2.0,0.098,0.9,0.6,1.5,0.9,2019
netora01_2019,Raul Neto,netora01,37.0,474.0,13.5,0.5579999999999999,0.373,0.205,1.4,12.6,7.1,28.7,1.4,0.7,16.6,19.0,0.5,0.6,1.1,0.11599999999999999,-1.1,0.8,-0.3,0.2,2019
niangge01_2019,Georges Niang,niangge01,59.0,516.0,13.0,0.613,0.58,0.133,2.4,15.7,9.1,10.1,0.9,0.9,10.7,17.8,0.7,0.7,1.3,0.12300000000000001,-0.2,0.2,0.0,0.3,2019
noahjo01_2019,Joakim Noah,noahjo01,42.0,693.0,18.6,0.5710000000000001,0.005,0.512,9.2,29.6,19.3,20.6,1.4,4.2,16.1,20.0,1.0,1.2,2.2,0.15,-0.3,2.4,2.1,0.7,2019
noelne01_2019,Nerlens Noel,noelne01,77.0,1055.0,19.3,0.608,0.0,0.28600000000000003,12.1,20.0,15.9,5.9,2.9,7.7,13.4,13.8,1.9,2.5,4.3,0.198,-1.2,3.3,2.1,1.1,2019
nowitdi01_2019,Dirk Nowitzki,nowitdi01,51.0,795.0,9.6,0.469,0.545,0.133,0.7,20.5,10.6,6.9,0.5,1.9,4.3,22.5,-0.5,0.8,0.3,0.016,-2.7,-1.2,-3.9,-0.4,2019
ntilila01_2019,Frank Ntilikina,ntilila01,43.0,904.0,6.0,0.41700000000000004,0.408,0.106,1.4,8.9,5.0,19.5,1.6,1.3,15.9,16.6,-1.3,0.4,-0.8,-0.045,-5.2,-0.8,-6.0,-0.9,2019
nunnaja01_2019,James Nunnally,nunnaja01,15.0,102.0,7.3,0.503,0.735,0.11800000000000001,0.0,5.3,2.6,9.5,0.5,0.0,2.7,15.3,0.1,0.0,0.1,0.035,-1.9,-2.9,-4.8,-0.1,2019
nurkiju01_2019,Jusuf Nurkić,nurkiju01,72.0,1974.0,23.4,0.57,0.035,0.442,13.4,26.7,20.2,17.9,1.7,4.2,14.6,24.7,4.4,3.3,7.8,0.18899999999999997,2.1,1.7,3.7,2.8,2019
nwabada01_2019,David Nwaba,nwabada01,51.0,984.0,12.5,0.5579999999999999,0.28600000000000003,0.324,4.4,14.4,9.2,8.1,1.8,1.5,8.8,14.6,1.1,0.3,1.4,0.069,-1.8,-0.3,-2.1,0.0,2019
ojelese01_2019,Semi Ojeleye,ojelese01,56.0,594.0,8.5,0.531,0.563,0.247,4.3,11.2,7.7,5.1,0.8,0.6,9.8,14.1,0.2,0.5,0.7,0.057,-2.8,-1.2,-4.0,-0.3,2019
okafoja01_2019,Jahlil Okafor,okafoja01,59.0,935.0,17.9,0.603,0.013999999999999999,0.24600000000000002,9.2,21.4,15.4,6.3,0.7,3.5,11.5,19.9,1.4,0.8,2.2,0.115,-0.6,-0.9,-1.5,0.1,2019
okoboel01_2019,Elie Okobo,okoboel01,53.0,958.0,7.6,0.489,0.455,0.162,1.4,10.1,5.7,18.7,1.6,0.6,18.2,17.0,-0.7,0.2,-0.5,-0.027000000000000003,-4.2,-1.5,-5.7,-0.9,2019
okogijo01_2019,Josh Okogie,okogijo01,74.0,1757.0,9.4,0.49200000000000005,0.423,0.319,2.5,10.9,6.6,6.9,2.4,1.6,9.8,15.4,-0.1,1.4,1.2,0.034,-3.5,0.4,-3.1,-0.5,2019
oladivi01_2019,Victor Oladipo,oladivi01,36.0,1147.0,17.6,0.519,0.36700000000000005,0.24,2.1,17.1,9.8,25.2,2.6,0.9,11.2,27.9,0.4,1.9,2.3,0.09699999999999999,1.8,1.2,2.9,1.4,2019
olynyke01_2019,Kelly Olynyk,olynyke01,79.0,1812.0,14.4,0.61,0.5660000000000001,0.32799999999999996,4.2,17.8,11.0,11.4,1.4,1.8,15.0,18.0,2.3,2.5,4.7,0.126,-0.2,0.9,0.7,1.2,2019
onealro01_2019,Royce O'Neale,onealro01,82.0,1671.0,9.0,0.589,0.513,0.122,1.5,16.7,9.2,10.0,1.5,1.1,16.2,11.0,0.7,2.5,3.3,0.094,-2.6,2.1,-0.5,0.6,2019
oquinky01_2019,Kyle O'Quinn,oquinky01,45.0,371.0,16.8,0.537,0.08800000000000001,0.154,8.9,26.4,17.8,22.4,1.2,6.0,17.6,20.8,0.2,0.8,1.0,0.125,-2.5,3.0,0.4,0.2,2019
osmande01_2019,Cedi Osman,osmande01,76.0,2444.0,11.5,0.536,0.44299999999999995,0.214,2.0,14.8,8.1,12.1,1.2,0.4,11.0,18.6,1.2,0.2,1.5,0.028999999999999998,-1.4,-1.8,-3.2,-0.8,2019
oubreke01_2019,Kelly Oubre Jr.,oubreke01,69.0,1935.0,15.2,0.551,0.401,0.29,4.0,14.6,9.2,6.8,2.1,2.5,9.8,23.2,0.9,1.3,2.2,0.054000000000000006,-0.3,-0.9,-1.2,0.4,2019
pachuza01_2019,Zaza Pachulia,pachuza01,68.0,878.0,13.7,0.539,0.021,0.642,11.9,21.5,16.5,14.7,1.7,1.6,18.7,15.0,1.1,1.3,2.3,0.128,-2.8,1.6,-1.2,0.2,2019
parkeja01_2019,Jabari Parker,parkeja01,64.0,1724.0,15.5,0.56,0.26,0.24600000000000002,4.9,21.8,13.3,14.1,1.3,1.5,15.4,24.6,0.1,1.3,1.4,0.039,-0.7,-0.9,-1.5,0.2,2019
parketo01_2019,Tony Parker,parketo01,56.0,1003.0,15.3,0.512,0.11,0.268,1.5,7.6,4.5,33.3,1.0,0.6,12.7,25.5,0.6,0.3,0.9,0.044000000000000004,-0.3,-2.3,-2.6,-0.1,2019
parsoch01_2019,Chandler Parsons,parsoch01,25.0,496.0,8.5,0.484,0.516,0.13699999999999998,0.9,15.2,7.9,13.4,1.9,1.0,14.2,20.3,-0.6,0.6,0.0,-0.004,-3.9,-0.5,-4.4,-0.3,2019
pattepa01_2019,Patrick Patterson,pattepa01,63.0,861.0,8.1,0.493,0.626,0.13699999999999998,4.9,13.0,8.8,4.6,0.9,1.3,8.7,12.0,0.2,0.9,1.1,0.064,-2.0,-0.4,-2.5,-0.1,2019
pattoju01_2019,Justin Patton,pattoju01,3.0,21.0,10.5,0.317,0.28600000000000003,0.28600000000000003,10.4,19.6,15.1,18.7,4.5,0.0,0.0,15.7,0.0,0.0,0.0,0.079,-5.2,3.2,-2.0,0.0,2019
paulch01_2019,Chris Paul,paulch01,58.0,1857.0,19.7,0.56,0.493,0.282,2.1,13.9,7.9,39.3,3.0,0.8,15.8,22.5,4.4,2.2,6.6,0.172,2.7,1.1,3.9,2.8,2019
payneca01_2019,Cameron Payne,payneca01,40.0,712.0,11.5,0.519,0.377,0.184,2.0,9.2,5.5,21.8,1.9,1.1,15.7,17.6,0.1,0.3,0.5,0.031,-2.3,-0.7,-3.0,-0.2,2019
paytoel01_2019,Elfrid Payton,paytoel01,42.0,1250.0,14.0,0.502,0.255,0.18,4.1,14.0,9.1,33.5,1.6,1.1,20.1,18.3,0.6,0.9,1.5,0.057999999999999996,-0.7,-0.7,-1.4,0.2,2019
paytoga02_2019,Gary Payton II,paytoga02,3.0,16.0,36.9,0.688,0.25,0.0,6.7,6.9,6.8,45.1,8.9,5.3,11.1,23.8,0.1,0.0,0.1,0.358,8.3,10.6,18.9,0.1,2019
pinsoth01_2019,Theo Pinson,pinsoth01,18.0,211.0,8.1,0.49,0.63,0.301,2.0,15.9,9.0,14.1,1.4,0.0,17.9,20.0,-0.2,0.2,0.0,0.004,-3.6,0.4,-3.2,-0.1,2019
plumlma01_2019,Mason Plumlee,plumlma01,82.0,1731.0,17.8,0.602,0.023,0.44799999999999995,10.3,22.5,16.4,19.5,1.9,3.9,19.2,16.2,2.9,2.9,5.8,0.16,-0.5,2.6,2.1,1.8,2019
plumlmi01_2019,Miles Plumlee,plumlmi01,18.0,173.0,18.9,0.654,0.0,0.625,9.5,14.3,11.8,14.7,1.6,2.0,14.0,16.7,0.4,0.1,0.5,0.145,1.6,0.0,1.6,0.2,2019
poeltja01_2019,Jakob Poeltl,poeltja01,77.0,1273.0,19.4,0.64,0.0,0.317,15.4,19.7,17.6,10.0,1.1,4.5,12.7,13.1,3.5,1.6,5.1,0.193,1.3,0.7,2.0,1.3,2019
pondequ01_2019,Quincy Pondexter,pondequ01,53.0,292.0,13.2,0.6409999999999999,0.31,0.7240000000000001,3.0,14.1,8.6,10.6,1.8,0.3,14.5,13.5,0.5,0.3,0.8,0.128,-1.6,0.7,-0.9,0.1,2019
porteot01_2019,Otto Porter,porteot01,56.0,1683.0,15.9,0.569,0.39799999999999996,0.149,3.4,17.0,10.1,10.6,2.3,1.6,8.7,19.1,1.8,1.5,3.2,0.09300000000000001,0.8,0.1,0.9,1.2,2019
portibo01_2019,Bobby Portis,portibo01,50.0,1299.0,16.1,0.529,0.304,0.154,9.0,24.9,16.8,8.8,1.3,1.3,9.9,24.6,0.5,1.1,1.6,0.06,-0.2,-2.3,-2.4,-0.1,2019
poweldw01_2019,Dwight Powell,poweldw01,77.0,1662.0,20.4,0.682,0.261,0.523,9.1,17.3,13.2,10.7,1.3,2.6,10.1,17.2,5.6,1.9,7.5,0.215,2.0,0.9,2.9,2.1,2019
powelno01_2019,Norman Powell,powelno01,60.0,1126.0,13.3,0.596,0.425,0.188,1.6,11.5,6.7,11.6,1.7,1.0,13.1,19.0,1.0,1.4,2.4,0.102,-0.9,0.2,-0.7,0.4,2019
poythal01_2019,Alex Poythress,poythal01,21.0,305.0,12.2,0.5710000000000001,0.284,0.358,9.8,16.6,13.1,7.7,0.6,2.8,12.2,14.2,0.4,0.2,0.5,0.086,-2.5,-1.0,-3.5,-0.1,2019
princta02_2019,Taurean Prince,princta02,55.0,1552.0,11.9,0.575,0.53,0.195,1.5,12.3,6.7,11.1,1.6,1.1,13.4,19.5,0.8,0.7,1.5,0.047,-1.0,-1.0,-2.0,0.0,2019
qizh01_2019,Zhou Qi,qizh01,1.0,1.0,80.4,1.0,0.0,0.0,0.0,0.0,0.0,0.0,0.0,0.0,0.0,43.4,0.0,0.0,0.0,1.261,40.1,11.9,52.0,0.0,2019
rabbiv01_2019,Ivan Rabb,rabbiv01,49.0,721.0,16.1,0.586,0.071,0.325,10.7,21.5,16.0,12.0,1.2,1.8,12.6,17.2,1.2,0.9,2.1,0.13699999999999998,-1.1,-0.3,-1.4,0.1,2019
randlch01_2019,Chasson Randle,randlch01,49.0,743.0,9.9,0.555,0.53,0.28600000000000003,1.4,6.8,4.1,17.5,1.6,0.3,15.0,16.4,0.4,0.2,0.6,0.040999999999999995,-2.7,-1.3,-4.0,-0.4,2019
randlju01_2019,Julius Randle,randlju01,73.0,2232.0,21.0,0.6,0.179,0.447,7.6,21.6,14.7,15.8,1.1,1.6,13.8,27.8,4.2,1.9,6.1,0.131,2.1,-0.6,1.5,2.0,2019
redicjj01_2019,J.J. Redick,redicjj01,76.0,2379.0,15.1,0.602,0.589,0.248,0.9,7.2,4.1,12.9,0.6,0.6,8.1,21.9,4.6,1.2,5.9,0.11800000000000001,2.2,-2.0,0.2,1.3,2019
reedda01_2019,Davon Reed,reedda01,10.0,47.0,8.1,0.5,0.33299999999999996,0.0,4.8,9.2,7.1,8.5,1.0,0.0,7.7,12.1,0.0,0.0,0.1,0.064,-3.3,-2.2,-5.5,0.0,2019
reynoca01_2019,Cameron Reynolds,reynoca01,19.0,259.0,10.4,0.58,0.654,0.115,1.6,11.3,6.4,6.8,1.1,0.7,5.7,14.1,0.3,0.1,0.4,0.078,-1.3,-1.2,-2.5,0.0,2019
richajo01_2019,Josh Richardson,richajo01,73.0,2539.0,14.0,0.536,0.44799999999999995,0.225,2.3,8.8,5.5,17.9,1.5,1.2,9.1,20.9,3.0,2.6,5.6,0.106,0.1,0.2,0.3,1.5,2019
richama01_2019,Malachi Richardson,richama01,22.0,103.0,0.9,0.48100000000000004,0.862,0.172,2.2,11.2,6.8,0.0,0.5,0.0,20.4,16.4,-0.2,0.1,-0.1,-0.06,-6.6,-2.1,-8.8,-0.2,2019
riverau01_2019,Austin Rivers,riverau01,76.0,2028.0,7.7,0.503,0.5720000000000001,0.166,1.3,7.5,4.4,11.5,1.1,1.0,10.0,14.5,0.4,0.8,1.2,0.027999999999999997,-3.3,-1.0,-4.3,-1.1,2019
robinde01_2019,Devin Robinson,robinde01,7.0,95.0,20.6,0.616,0.063,0.43799999999999994,6.7,16.2,11.4,9.5,2.0,5.3,5.0,17.9,0.2,0.1,0.3,0.175,0.8,1.1,1.9,0.1,2019
robindu01_2019,Duncan Robinson,robindu01,15.0,161.0,7.6,0.514,0.7609999999999999,0.13,1.3,11.2,6.3,4.4,1.5,0.0,7.6,14.0,0.0,0.2,0.2,0.051,-3.4,0.0,-3.4,-0.1,2019
robingl02_2019,Glenn Robinson III,robingl02,47.0,610.0,8.7,0.511,0.35200000000000004,0.22699999999999998,2.9,10.0,6.4,5.1,1.1,1.1,8.5,15.0,0.1,0.6,0.7,0.054000000000000006,-2.8,-0.1,-3.0,-0.2,2019
robinje01_2019,Jerome Robinson,robinje01,33.0,320.0,7.2,0.491,0.518,0.08199999999999999,1.0,12.2,6.8,8.3,1.6,0.7,10.2,16.7,-0.2,0.3,0.1,0.012,-4.2,-0.5,-4.7,-0.2,2019
robinmi01_2019,Mitchell Robinson,robinmi01,66.0,1360.0,22.0,0.6920000000000001,0.0,0.46399999999999997,13.3,19.4,16.3,4.2,1.8,10.0,9.1,12.1,4.0,2.2,6.1,0.217,0.1,2.4,2.5,1.6,2019
rondora01_2019,Rajon Rondo,rondora01,46.0,1369.0,12.1,0.473,0.32899999999999996,0.083,2.6,15.5,9.2,35.5,1.9,0.4,22.1,17.4,-0.2,1.5,1.3,0.047,-1.7,0.2,-1.5,0.2,2019
rosede01_2019,Derrick Rose,rosede01,51.0,1392.0,19.5,0.557,0.19399999999999998,0.212,2.5,8.3,5.4,26.4,1.1,0.7,9.1,27.3,2.6,0.3,3.0,0.102,3.2,-1.7,1.4,1.2,2019
rosste01_2019,Terrence Ross,rosste01,81.0,2150.0,15.4,0.561,0.551,0.14,1.3,12.8,7.0,9.9,1.6,1.1,7.6,23.9,1.7,2.6,4.3,0.095,1.1,-0.3,0.8,1.5,2019
roziete01_2019,Terry Rozier,roziete01,79.0,1791.0,12.9,0.501,0.506,0.14,1.9,16.4,9.1,17.7,1.8,1.0,8.8,18.6,0.9,2.3,3.2,0.086,-0.7,0.5,-0.2,0.8,2019
rubiori01_2019,Ricky Rubio,rubiori01,68.0,1899.0,14.0,0.52,0.348,0.312,1.9,11.8,6.9,32.1,2.3,0.4,17.8,22.7,0.9,2.8,3.7,0.095,-1.0,0.8,-0.2,0.9,2019
russeda01_2019,D'Angelo Russell,russeda01,81.0,2448.0,19.4,0.5329999999999999,0.419,0.135,2.3,11.2,6.8,41.3,1.9,0.6,13.6,31.9,2.4,2.6,5.0,0.09699999999999999,4.0,-0.6,3.4,3.4,2019
sabondo01_2019,Domantas Sabonis,sabondo01,74.0,1838.0,21.9,0.63,0.024,0.41600000000000004,11.5,29.8,20.8,18.2,1.3,1.5,16.2,23.5,4.3,3.3,7.6,0.19699999999999998,1.9,1.3,3.1,2.4,2019
sampsbr01_2019,Brandon Sampson,sampsbr01,14.0,214.0,8.5,0.5670000000000001,0.483,0.1,1.5,6.7,4.1,6.8,1.8,1.2,16.1,15.2,-0.1,0.1,0.0,0.01,-3.9,-0.9,-4.7,-0.1,2019
sampsja02_2019,JaKarr Sampson,sampsja02,4.0,127.0,22.5,0.633,0.259,0.389,4.2,23.4,13.7,5.3,1.5,2.0,5.9,23.1,0.3,0.1,0.5,0.17300000000000001,3.6,0.2,3.7,0.2,2019
saricda01_2019,Dario Šarić,saricda01,81.0,2023.0,13.1,0.563,0.46399999999999997,0.21600000000000003,6.6,17.5,12.1,8.8,1.1,0.4,11.3,17.8,2.3,1.2,3.5,0.084,-0.3,-1.3,-1.6,0.2,2019
satorto01_2019,Tomáš Satoranský,satorto01,80.0,2164.0,14.1,0.59,0.306,0.302,4.0,10.0,7.0,24.6,1.8,0.5,16.7,14.1,3.8,0.9,4.7,0.10400000000000001,-0.4,-0.3,-0.7,0.7,2019
schrode01_2019,Dennis Schröder,schrode01,79.0,2314.0,12.7,0.508,0.33,0.20600000000000002,1.6,11.3,6.3,20.4,1.3,0.4,12.5,24.2,0.4,2.4,2.9,0.06,-1.3,-0.7,-2.0,0.0,2019
scottmi01_2019,Mike Scott,scottmi01,79.0,1395.0,8.6,0.528,0.6,0.079,3.4,17.2,10.5,6.4,0.9,0.7,9.2,14.4,0.4,1.2,1.6,0.053,-1.9,-0.7,-2.5,-0.2,2019
sefolth01_2019,Thabo Sefolosha,sefolth01,50.0,609.0,12.1,0.599,0.523,0.14800000000000002,1.4,20.1,10.9,6.1,3.4,0.7,13.6,12.9,0.2,1.2,1.5,0.115,-1.6,3.1,1.5,0.5,2019
seldewa01_2019,Wayne Selden,seldewa01,75.0,1439.0,8.3,0.491,0.36,0.19,2.8,11.0,6.9,11.3,1.1,0.8,13.1,18.4,-1.0,0.8,-0.3,-0.009000000000000001,-3.8,-1.6,-5.4,-1.2,2019
sextoco01_2019,Collin Sexton,sextoco01,82.0,2605.0,12.0,0.52,0.245,0.21100000000000002,2.3,8.0,5.0,15.3,0.8,0.2,12.3,25.2,-0.1,-0.5,-0.6,-0.011000000000000001,-1.4,-3.3,-4.7,-1.8,2019
shamela01_2019,Landry Shamet,shamela01,79.0,1802.0,11.0,0.604,0.711,0.16699999999999998,1.3,6.4,3.9,9.0,1.0,0.4,7.0,15.0,2.7,0.9,3.6,0.095,-0.3,-1.3,-1.6,0.2,2019
shumpim01_2019,Iman Shumpert,shumpim01,62.0,1481.0,9.1,0.499,0.612,0.10099999999999999,1.9,11.4,6.5,9.9,1.9,1.4,9.7,14.5,0.1,1.2,1.4,0.045,-2.4,0.5,-1.9,0.0,2019
siakapa01_2019,Pascal Siakam,siakapa01,80.0,2548.0,18.7,0.628,0.226,0.32,5.4,17.5,11.6,14.6,1.4,1.7,12.5,20.8,5.7,3.6,9.3,0.175,1.6,0.8,2.4,2.8,2019
siberjo01_2019,Jordan Sibert,siberjo01,1.0,4.0,29.7,1.5,1.0,0.0,0.0,0.0,0.0,0.0,0.0,0.0,0.0,10.2,0.0,0.0,0.0,0.183,13.7,2.2,16.0,0.0,2019
simmobe01_2019,Ben Simmons,simmobe01,79.0,2700.0,20.0,0.5820000000000001,0.006,0.446,6.9,20.0,13.7,34.2,2.0,1.8,19.3,22.1,4.6,3.6,8.2,0.146,2.2,1.3,3.6,3.8,2019
simmojo02_2019,Jonathon Simmons,simmojo02,56.0,1064.0,8.5,0.466,0.297,0.27699999999999997,2.7,10.0,6.3,16.7,1.3,1.2,14.8,18.7,-0.8,1.1,0.3,0.013000000000000001,-3.9,-0.3,-4.2,-0.6,2019
simmoko01_2019,Kobi Simmons,simmoko01,1.0,2.0,0.0,0.0,0.0,0.0,0.0,0.0,0.0,0.0,0.0,0.0,0.0,0.0,0.0,0.0,0.0,-0.033,-7.4,-3.2,-10.6,0.0,2019
simonan01_2019,Anfernee Simons,simonan01,20.0,141.0,11.1,0.535,0.46,0.254,2.3,7.4,4.9,13.7,0.3,0.0,13.6,24.3,0.0,0.0,0.1,0.02,-1.5,-3.7,-5.3,-0.1,2019
smartma01_2019,Marcus Smart,smartma01,80.0,2200.0,13.1,0.568,0.61,0.228,2.8,8.6,5.7,19.1,3.1,1.1,16.5,14.6,2.2,3.1,5.3,0.11599999999999999,-1.2,2.0,0.8,1.5,2019
smithde03_2019,Dennis Smith Jr.,smithde03,53.0,1508.0,12.3,0.502,0.32,0.24,2.2,8.7,5.5,27.3,2.1,1.1,17.6,24.8,-1.2,1.2,0.0,0.001,-1.6,-0.4,-1.9,0.0,2019
smithis01_2019,Ish Smith,smithis01,56.0,1251.0,11.8,0.485,0.276,0.127,1.9,11.1,6.3,25.4,1.1,0.7,10.6,19.9,0.5,1.1,1.7,0.064,-1.6,-0.3,-2.0,0.0,2019
smithja02_2019,Jason Smith,smithja02,20.0,190.0,9.8,0.49200000000000005,0.441,0.271,9.0,20.2,14.6,9.7,0.7,3.1,16.4,17.5,0.0,0.2,0.2,0.038,-3.7,-1.0,-4.7,-0.1,2019
smithjr01_2019,J.R. Smith,smithjr01,11.0,222.0,7.8,0.444,0.494,0.127,0.0,9.4,4.5,13.8,2.5,1.2,11.7,18.6,-0.3,0.1,-0.2,-0.038,-3.7,0.5,-3.2,-0.1,2019
smithzh01_2019,Zhaire Smith,smithzh01,6.0,111.0,9.5,0.5329999999999999,0.47100000000000003,0.235,2.9,9.3,6.2,12.3,0.9,1.4,13.8,16.4,0.0,0.1,0.1,0.048,-2.8,-2.2,-5.0,-0.1,2019
snellto01_2019,Tony Snell,snellto01,74.0,1304.0,10.7,0.585,0.565,0.11599999999999999,2.4,9.4,6.1,6.7,0.9,1.2,5.7,12.9,1.6,1.6,3.2,0.11699999999999999,-1.0,0.3,-0.7,0.4,2019
spaldra01_2019,Ray Spalding,spaldra01,14.0,148.0,14.6,0.516,0.064,0.255,11.1,25.1,18.0,5.1,2.9,4.5,14.7,17.8,0.0,0.2,0.2,0.051,-4.3,-0.8,-5.1,-0.1,2019
spellom01_2019,Omari Spellman,spellom01,46.0,805.0,12.4,0.516,0.525,0.184,9.2,16.3,12.7,8.0,1.5,2.7,10.5,14.9,0.6,0.5,1.2,0.07,-0.5,-0.7,-1.2,0.2,2019
stausni01_2019,Nik Stauskas,stausni01,68.0,1015.0,10.9,0.545,0.556,0.18899999999999997,1.9,11.7,6.8,11.1,1.0,0.6,12.2,17.6,0.6,0.5,1.1,0.052000000000000005,-0.7,-1.2,-1.9,0.0,2019
stephdj01_2019,D.J. Stephens,stephdj01,1.0,7.0,5.5,0.5,0.0,0.0,0.0,0.0,0.0,0.0,7.1,0.0,33.3,19.1,0.0,0.0,0.0,-0.11900000000000001,-7.1,1.6,-5.5,0.0,2019
stephla01_2019,Lance Stephenson,stephla01,68.0,1123.0,11.8,0.529,0.456,0.16899999999999998,3.0,16.5,9.9,17.3,1.7,0.5,15.6,20.3,-0.1,1.2,1.1,0.049,-1.6,0.1,-1.5,0.1,2019
sumneed01_2019,Edmond Sumner,sumneed01,23.0,210.0,7.6,0.44299999999999995,0.42200000000000004,0.375,4.9,7.8,6.3,6.3,2.8,2.1,11.8,17.6,-0.2,0.3,0.1,0.02,-5.8,0.5,-5.3,-0.2,2019
swanica01_2019,Caleb Swanigan,swanica01,21.0,178.0,4.7,0.377,0.132,0.17,10.2,27.6,19.1,8.0,1.6,0.5,24.0,17.7,-0.5,0.2,-0.2,-0.06,-7.1,0.0,-7.2,-0.2,2019
tatumja01_2019,Jayson Tatum,tatumja01,79.0,2455.0,15.1,0.547,0.3,0.22,3.0,17.7,10.4,10.0,1.6,2.1,9.7,22.1,1.6,3.4,5.0,0.09699999999999999,-0.4,0.2,-0.2,1.1,2019
teaguje01_2019,Jeff Teague,teaguje01,42.0,1264.0,15.4,0.528,0.252,0.368,1.3,7.7,4.5,37.6,1.6,1.2,16.7,19.3,1.7,0.5,2.2,0.085,0.8,-1.2,-0.4,0.5,2019
templga01_2019,Garrett Temple,templga01,75.0,2040.0,8.5,0.5429999999999999,0.535,0.217,1.5,10.2,5.8,7.4,1.8,1.4,11.5,13.2,0.3,2.0,2.2,0.052000000000000005,-3.3,0.5,-2.8,-0.4,2019
teodomi01_2019,Miloš Teodosić,teodomi01,15.0,150.0,6.5,0.557,0.675,0.175,2.2,8.9,5.7,28.8,0.9,0.5,32.8,18.0,-0.1,0.1,-0.1,-0.019,-3.8,-1.7,-5.4,-0.1,2019
terreja01_2019,Jared Terrell,terreja01,14.0,111.0,0.7,0.37200000000000005,0.436,0.154,1.0,4.9,2.9,14.4,1.3,1.5,19.4,19.6,-0.4,0.0,-0.3,-0.14,-8.5,-2.3,-10.9,-0.2,2019
terryem01_2019,Emanuel Terry,terryem01,3.0,23.0,19.7,0.5710000000000001,0.0,0.5710000000000001,14.1,19.6,16.8,12.2,6.2,0.0,18.6,20.1,0.0,0.0,0.1,0.11699999999999999,-0.2,2.4,2.3,0.0,2019
theisda01_2019,Daniel Theis,theisda01,66.0,908.0,17.0,0.624,0.252,0.28600000000000003,10.2,16.2,13.2,10.5,1.1,4.1,9.9,15.8,2.3,1.3,3.5,0.188,-0.8,0.9,0.0,0.5,2019
thomais02_2019,Isaiah Thomas,thomais02,12.0,181.0,7.0,0.43700000000000006,0.434,0.273,3.0,4.8,3.9,18.6,1.4,0.5,14.0,30.4,-0.4,0.1,-0.3,-0.077,-4.0,-2.5,-6.5,-0.2,2019
thomakh01_2019,Khyri Thomas,thomakh01,26.0,195.0,6.2,0.413,0.507,0.159,2.2,9.3,5.6,6.0,1.8,2.2,5.1,17.2,-0.2,0.2,0.0,0.005,-4.9,-0.1,-5.0,-0.2,2019
thomala01_2019,Lance Thomas,thomala01,46.0,783.0,6.4,0.48200000000000004,0.401,0.183,2.7,13.1,7.8,5.0,1.0,0.8,10.1,12.9,-0.3,0.3,0.1,0.004,-4.8,-0.9,-5.7,-0.7,2019
thompkl01_2019,Klay Thompson,thompkl01,78.0,2652.0,16.6,0.5710000000000001,0.42700000000000005,0.113,1.6,10.1,6.0,10.5,1.5,1.5,7.2,25.6,2.9,2.3,5.3,0.095,1.1,-1.4,-0.3,1.2,2019
thomptr01_2019,Tristan Thompson,thomptr01,43.0,1198.0,18.4,0.551,0.0,0.27899999999999997,15.4,25.7,20.3,11.2,1.2,1.2,12.1,17.7,2.1,0.5,2.6,0.105,1.4,-1.9,-0.5,0.4,2019
thornsi01_2019,Sindarius Thornwell,thornsi01,64.0,313.0,5.2,0.485,0.306,0.6940000000000001,1.7,12.8,7.5,7.2,2.1,1.8,23.8,11.3,-0.3,0.3,0.0,0.004,-5.8,1.0,-4.7,-0.2,2019
tollian01_2019,Anthony Tolliver,tollian01,65.0,1079.0,8.6,0.5710000000000001,0.83,0.23199999999999998,1.5,16.2,8.8,5.5,0.8,1.7,11.2,12.5,0.6,0.5,1.2,0.052000000000000005,-1.7,-0.7,-2.4,-0.1,2019
townska01_2019,Karl-Anthony Towns,townska01,77.0,2545.0,26.3,0.622,0.27,0.342,10.9,29.3,20.0,17.2,1.3,4.2,13.7,28.9,7.2,3.2,10.4,0.19699999999999998,5.4,0.6,6.0,5.1,2019
trentga02_2019,Gary Trent Jr.,trentga02,15.0,111.0,3.6,0.377,0.42,0.14,1.0,9.4,5.3,6.2,0.4,1.4,7.0,21.7,-0.3,0.1,-0.2,-0.092,-6.6,-4.2,-10.8,-0.2,2019
trieral01_2019,Allonzo Trier,trieral01,64.0,1459.0,12.2,0.564,0.255,0.431,2.2,12.2,7.1,12.9,0.9,0.8,15.8,21.5,0.4,0.5,0.9,0.03,-1.6,-1.5,-3.1,-0.4,2019
tuckepj01_2019,P.J. Tucker,tuckepj01,82.0,2802.0,9.2,0.547,0.74,0.113,4.7,14.4,9.5,4.6,2.3,1.2,10.3,9.5,2.0,3.0,5.0,0.086,-1.6,1.0,-0.6,1.0,2019
turneev01_2019,Evan Turner,turneev01,73.0,1605.0,11.6,0.504,0.11699999999999999,0.239,2.5,18.9,10.9,23.6,1.0,0.9,18.9,15.9,0.5,1.5,2.0,0.06,-1.8,0.5,-1.3,0.3,2019
turnemy01_2019,Myles Turner,turnemy01,74.0,2119.0,18.0,0.5670000000000001,0.251,0.258,5.4,22.0,13.9,8.0,1.4,8.4,10.3,20.0,1.9,4.4,6.3,0.14400000000000002,0.0,2.4,2.5,2.4,2019
udohek01_2019,Ekpe Udoh,udohek01,51.0,320.0,20.9,0.698,0.0,0.41700000000000004,9.3,20.9,15.2,12.8,1.5,7.7,13.2,13.1,0.9,0.7,1.6,0.23800000000000002,0.8,3.9,4.7,0.5,2019
ulisty01_2019,Tyler Ulis,ulisty01,1.0,1.0,0.0,0.0,0.0,0.0,0.0,0.0,0.0,0.0,0.0,0.0,0.0,0.0,0.0,0.0,0.0,-0.015,-7.7,-2.7,-10.4,0.0,2019
valanjo01_2019,Jonas Valančiūnas,valanjo01,49.0,1091.0,24.4,0.616,0.08900000000000001,0.344,10.7,31.4,21.1,12.0,0.8,4.4,12.7,28.5,2.2,1.9,4.2,0.183,2.2,0.4,2.6,1.3,2019
vandeja01_2019,Jarred Vanderbilt,vandeja01,17.0,69.0,12.4,0.513,0.053,0.526,10.9,25.2,18.0,5.9,4.3,1.3,25.5,19.4,-0.1,0.1,0.1,0.037000000000000005,-5.2,1.0,-4.2,0.0,2019
vanvlfr01_2019,Fred VanVleet,vanvlfr01,64.0,1760.0,13.7,0.539,0.493,0.192,1.3,8.7,5.1,23.9,1.6,0.9,11.2,17.9,2.4,1.9,4.3,0.11699999999999999,0.4,0.1,0.5,1.1,2019
vonleno01_2019,Noah Vonleh,vonleno01,68.0,1722.0,13.9,0.561,0.311,0.355,6.7,25.8,16.0,11.1,1.3,2.5,14.7,14.8,1.5,1.7,3.2,0.09,-1.2,0.5,-0.7,0.6,2019
vucevni01_2019,Nikola Vučević,vucevni01,80.0,2510.0,25.5,0.573,0.171,0.168,9.4,31.9,20.5,21.9,1.6,3.0,9.9,28.0,5.4,4.7,10.1,0.193,5.0,1.7,6.6,5.5,2019
wadedw01_2019,Dwyane Wade,wadedw01,72.0,1885.0,15.8,0.51,0.272,0.243,3.9,12.2,8.0,26.5,1.5,1.8,13.5,27.9,0.1,2.3,2.4,0.061,0.8,-0.2,0.6,1.2,2019
wagnemo01_2019,Moritz Wagner,wagnemo01,43.0,446.0,10.1,0.5329999999999999,0.45,0.31,4.0,15.4,9.8,7.4,1.1,2.4,16.7,21.7,-0.3,0.5,0.2,0.02,-3.9,-0.4,-4.3,-0.3,2019
waitedi01_2019,Dion Waiters,waitedi01,44.0,1138.0,11.4,0.53,0.605,0.092,0.7,10.2,5.4,16.4,1.2,0.7,11.4,21.1,0.1,1.1,1.2,0.052000000000000005,-0.5,-0.6,-1.1,0.3,2019
walkeke02_2019,Kemba Walker,walkeke02,82.0,2863.0,21.7,0.5579999999999999,0.434,0.267,1.9,11.9,6.8,29.4,1.7,1.0,10.1,31.5,5.5,1.9,7.4,0.12300000000000001,5.2,-1.0,4.2,4.4,2019
walkelo01_2019,Lonnie Walker,walkelo01,17.0,118.0,10.8,0.446,0.28300000000000003,0.217,0.0,15.6,7.9,10.3,2.9,2.2,7.4,20.3,-0.1,0.2,0.0,0.019,-3.4,1.0,-2.4,0.0,2019
wallaty01_2019,Tyrone Wallace,wallaty01,62.0,628.0,7.0,0.45,0.08800000000000001,0.263,3.5,13.2,8.5,9.5,1.6,0.9,12.9,18.7,-0.8,0.5,-0.3,-0.023,-5.6,-0.8,-6.4,-0.7,2019
walljo01_2019,John Wall,walljo01,32.0,1104.0,18.0,0.527,0.306,0.317,1.5,10.1,5.7,39.2,2.1,2.2,16.1,28.8,0.5,0.7,1.2,0.051,2.2,-1.4,0.9,0.8,2019
wanambr01_2019,Brad Wanamaker,wanambr01,36.0,343.0,14.3,0.597,0.371,0.267,0.9,11.8,6.4,22.5,1.7,0.5,13.9,17.1,0.6,0.4,1.0,0.134,-1.3,0.7,-0.7,0.1,2019
warretj01_2019,T.J. Warren,warretj01,43.0,1360.0,16.3,0.58,0.295,0.203,2.5,11.8,7.1,7.7,1.8,1.8,7.2,22.7,1.6,0.5,2.1,0.07400000000000001,0.9,-1.1,-0.2,0.6,2019
washbju01_2019,Julian Washburn,washbju01,18.0,254.0,6.5,0.402,0.5,0.083,3.5,14.8,9.1,7.7,2.5,0.7,12.3,10.0,-0.2,0.3,0.1,0.023,-5.1,0.5,-4.6,-0.2,2019
watanyu01_2019,Yuta Watanabe,watanyu01,15.0,174.0,3.3,0.35200000000000004,0.314,0.196,2.5,17.7,10.0,6.6,1.1,0.5,9.8,15.8,-0.4,0.2,-0.2,-0.065,-7.0,-2.1,-9.1,-0.3,2019
welshth01_2019,Thomas Welsh,welshth01,11.0,36.0,16.1,0.648,0.5379999999999999,0.154,0.0,12.1,6.0,20.5,0.0,0.0,6.7,17.7,0.1,0.0,0.1,0.162,2.2,-1.1,1.2,0.0,2019
westbru01_2019,Russell Westbrook,westbru01,73.0,2630.0,21.1,0.501,0.27899999999999997,0.306,4.1,28.3,15.8,46.5,2.5,1.1,16.3,30.9,1.8,5.0,6.8,0.124,2.8,2.4,5.2,4.7,2019
whitede01_2019,Derrick White,whitede01,67.0,1728.0,14.8,0.555,0.262,0.22699999999999998,2.2,13.3,7.8,21.0,1.9,2.3,14.0,17.7,1.7,1.9,3.6,0.10099999999999999,-0.4,1.3,0.9,1.3,2019
whiteha01_2019,Hassan Whiteside,whiteha01,72.0,1674.0,23.5,0.564,0.024,0.35700000000000004,16.3,35.6,25.9,5.6,1.3,7.3,11.0,22.6,2.3,4.0,6.3,0.18,1.1,1.2,2.3,1.8,2019
whiteok01_2019,Okaro White,whiteok01,3.0,6.0,-4.5,0.0,1.0,0.0,17.8,18.4,18.1,0.0,0.0,0.0,0.0,14.1,0.0,0.0,0.0,-0.251,-9.0,-7.8,-16.8,0.0,2019
wiggian01_2019,Andrew Wiggins,wiggian01,73.0,2543.0,12.4,0.493,0.28800000000000003,0.245,3.5,11.4,7.4,10.9,1.3,1.6,9.3,24.4,-0.6,1.3,0.6,0.012,-1.2,-1.8,-3.0,-0.6,2019
willial03_2019,Alan Williams,willial03,5.0,26.0,32.9,0.61,0.077,0.308,16.2,60.3,38.4,22.3,1.8,0.0,6.3,25.5,0.1,0.1,0.2,0.312,7.6,4.2,11.8,0.1,2019
willicj01_2019,C.J. Williams,willicj01,15.0,128.0,8.8,0.55,0.457,0.028999999999999998,0.8,5.9,3.3,12.9,2.2,0.0,12.4,13.3,0.1,0.1,0.1,0.042,-3.8,0.2,-3.7,-0.1,2019
willijo04_2019,Johnathan Williams,willijo04,24.0,372.0,15.1,0.599,0.018000000000000002,0.436,13.6,13.9,13.7,4.9,1.0,1.5,10.9,16.4,0.7,0.3,1.0,0.135,-2.0,-1.1,-3.2,-0.1,2019
willike04_2019,Kenrich Williams,willike04,46.0,1079.0,9.7,0.485,0.5589999999999999,0.068,5.4,15.5,10.5,9.5,1.9,1.4,11.1,12.3,0.3,0.9,1.2,0.053,-2.3,0.4,-1.9,0.0,2019
willilo02_2019,Lou Williams,willilo02,75.0,1993.0,21.2,0.5539999999999999,0.256,0.426,2.2,9.4,5.9,33.0,1.3,0.4,11.8,32.4,3.9,1.2,5.1,0.12300000000000001,4.3,-2.1,2.2,2.1,2019
willima02_2019,Marvin Williams,willima02,75.0,2133.0,12.6,0.5479999999999999,0.586,0.132,3.8,17.1,10.3,6.1,1.6,2.5,6.4,14.9,1.9,1.9,3.8,0.086,-0.4,0.2,-0.3,0.9,2019
williro04_2019,Robert Williams,williro04,32.0,283.0,18.8,0.703,0.0,0.294,10.2,20.4,15.3,3.3,1.5,12.5,14.8,10.3,0.5,0.6,1.2,0.201,-1.7,3.4,1.8,0.3,2019
willitr02_2019,Troy Williams,willitr02,21.0,312.0,10.5,0.531,0.449,0.153,3.9,15.9,9.7,4.7,1.5,2.2,7.9,15.0,0.1,0.3,0.4,0.064,-2.4,0.0,-2.4,0.0,2019
wilsodj01_2019,D.J. Wilson,wilsodj01,48.0,882.0,10.3,0.515,0.506,0.187,5.5,19.2,12.8,7.6,0.9,1.9,10.5,14.4,0.3,1.4,1.7,0.09300000000000001,-2.4,0.2,-2.2,0.0,2019
winslju01_2019,Justise Winslow,winslju01,66.0,1959.0,12.8,0.513,0.342,0.183,3.4,15.9,9.6,21.9,1.8,0.9,14.9,20.8,0.2,2.6,2.8,0.067,-1.3,0.7,-0.6,0.7,2019
woodch01_2019,Christian Wood,woodch01,21.0,251.0,21.9,0.607,0.222,0.479,7.2,26.5,17.0,4.8,1.3,3.2,10.7,26.1,0.4,0.3,0.8,0.151,1.4,-1.0,0.4,0.1,2019
wrighde01_2019,Delon Wright,wrighde01,75.0,1699.0,15.5,0.523,0.301,0.26899999999999996,4.4,12.8,8.6,21.6,2.5,1.6,11.0,18.1,1.9,2.4,4.3,0.121,0.1,1.4,1.5,1.5,2019
yabusgu01_2019,Guerschon Yabusele,yabusgu01,41.0,251.0,12.4,0.542,0.364,0.28600000000000003,9.8,12.8,11.3,8.2,1.5,2.5,14.8,17.5,0.2,0.3,0.5,0.09,-2.5,-0.2,-2.7,0.0,2019
youngni01_2019,Nick Young,youngni01,4.0,37.0,2.3,0.5,0.889,0.0,0.0,2.9,1.5,6.8,0.0,2.4,18.2,12.7,0.0,0.0,0.0,-0.021,-4.3,-2.5,-6.9,0.0,2019
youngth01_2019,Thaddeus Young,youngth01,81.0,2489.0,16.2,0.569,0.174,0.161,8.7,14.4,11.7,12.0,2.4,1.3,12.0,18.0,3.0,3.9,6.9,0.133,0.4,1.1,1.5,2.2,2019
youngtr01_2019,Trae Young,youngtr01,81.0,2503.0,17.0,0.539,0.384,0.33,2.6,10.2,6.3,40.5,1.3,0.5,17.6,28.4,2.5,0.7,3.3,0.062,2.3,-2.8,-0.6,0.9,2019
zelleco01_2019,Cody Zeller,zelleco01,49.0,1243.0,17.2,0.611,0.064,0.409,9.4,19.7,14.5,12.1,1.5,2.9,13.2,16.3,2.6,1.2,3.9,0.15,-0.6,0.7,0.1,0.7,2019
zellety01_2019,Tyler Zeller,zellety01,6.0,93.0,17.3,0.607,0.033,0.6,12.9,15.7,14.2,6.7,0.5,3.1,9.5,20.1,0.2,0.1,0.3,0.16699999999999998,-3.1,-1.9,-5.0,-0.1,2019
zizican01_2019,Ante Žižić,zizican01,59.0,1082.0,16.2,0.59,0.0,0.39899999999999997,10.6,22.8,16.4,7.7,0.6,1.8,13.6,18.2,1.7,0.3,2.0,0.087,-1.1,-2.1,-3.2,-0.3,2019
zubaciv01_2019,Ivica Zubac,zubaciv01,59.0,1040.0,18.9,0.604,0.0,0.332,11.9,24.2,18.2,9.1,0.6,4.0,13.9,20.3,1.9,1.3,3.2,0.14800000000000002,-0.2,-0.2,-0.5,0.4,2019
